load 1440.3 ms  backend=cpu
/data/local/tmp/starling-issue-batch/short.wav run=0 audio=7.43s time=968.1ms rtf=0.1302
  Well, I don't wish to see it any more, observed Phoebe, turning away her eyes. It is certainly very like the old portrait.
/data/local/tmp/starling-issue-batch/fleurs-validation/de_de_validation_143.wav run=0 audio=7.14s time=816.7ms rtf=0.1144
  Forschung im Bereich KI umfasst die Herstellung von Maschinen zur Automatisierung von Aufgaben die intelligentes Verhalten erfordern.
/data/local/tmp/starling-issue-batch/fleurs-validation/de_de_validation_144.wav run=0 audio=26.94s time=3164.4ms rtf=0.1175
  Der in Panik versetzte König Ludwig XIV, Königin Marie Antoinette, ihre beiden kleinen Kinder, die elf Jahre alte Marie Therese und die vier Jahre alte Louis Charles. Sowie die Schwester des Königs, Madame Elizabeth, wurden am 6. Oktober 1789 in Versailles von einem Mob aus Marktfrauen zur Rückkehr nach Paris gezwungen.
/data/local/tmp/starling-issue-batch/fleurs-validation/de_de_validation_145.wav run=0 audio=22.20s time=2303.2ms rtf=0.1037
  Als nationale Sicherheitsberater unterstützte Akker bei der diplomatischen Handhabung von Weltangelegenheiten, wie dem Camp David-Abkommen von 1978, der Normalisierung der Beziehungen zwischen den USA und China Ende der 70er Jahre, der iranischen Revolution, die zur Geißekrise im Iran 1979 führte und der sowjetischen Invasion in Afghanistan 1979.
/data/local/tmp/starling-issue-batch/fleurs-validation/de_de_validation_146.wav run=0 audio=17.70s time=2003.9ms rtf=0.1132
  Ein Kurs deckt alle hier diskutierten Probleme in der Regel viel detaillierter ab, normalerweise in Kombination mit praktischer Erfahrung.
/data/local/tmp/starling-issue-batch/fleurs-validation/de_de_validation_147.wav run=0 audio=9.72s time=1208.6ms rtf=0.1243
  Dies wurde üblich, doch das Eis sorgte für mehr Verschleiß an den hölzern Rädern der Wagen.
/data/local/tmp/starling-issue-batch/fleurs-validation/de_de_validation_148.wav run=0 audio=13.26s time=1592.9ms rtf=0.1201
  Binnenwasserstraßen können eine gute Grundlage für die Urlaubsplanung sein.
/data/local/tmp/starling-issue-batch/fleurs-validation/de_de_validation_149.wav run=0 audio=21.24s time=2384.9ms rtf=0.1123
  Geld kann in der einzigen Bank auf der Insel umgetauscht werden, welche sich in Stanley gegenüber vom FIC West Store befindet.
/data/local/tmp/starling-issue-batch/fleurs-validation/de_de_validation_15.wav run=0 audio=12.36s time=1569.9ms rtf=0.1270
  Saferes sind vielleicht die größte Touristenattraktion in Afrika und der Höhepunkt für viele Besuche.
/data/local/tmp/starling-issue-batch/fleurs-validation/de_de_validation_150.wav run=0 audio=11.16s time=1523.6ms rtf=0.1365
  Laut einigen Berichten beträgt die offizielle Zahl der Todesopfer 8, und offizielle Berichte bestätigen, dass bis zu 30 Personen verletzt wurden. Allerdings sind noch keine endgültigen Zahlen bekannt.
/data/local/tmp/starling-issue-batch/fleurs-validation/de_de_validation_151.wav run=0 audio=7.62s time=913.1ms rtf=0.1198
  Handgefertigte Produkte könnten als antik bezeichnet werden, obwohl sie jünger als ähnliche Erzeugnisse aus Massenproduktion sind.
/data/local/tmp/starling-issue-batch/fleurs-validation/de_de_validation_152.wav run=0 audio=8.46s time=1135.2ms rtf=0.1342
  Die ersten Fälle der Krankheit dieser Saison wurden Ende Juli gemeldet.
/data/local/tmp/starling-issue-batch/fleurs-validation/de_de_validation_153.wav run=0 audio=11.88s time=1562.1ms rtf=0.1315
  In den Vereinigten Staaten von Amerika gibt es etwa 4000 bekannte Fälle von Multiples-Sklerose MS, womit sie die am weitesten verbreitete neurologische Krankheit bei erwachsenen Jüngeren und mittleren Alters ist.
/data/local/tmp/starling-issue-batch/fleurs-validation/de_de_validation_154.wav run=0 audio=5.52s time=853.3ms rtf=0.1546
  Ein Curry kann abhängig von der Flüssigkeitsmenge entweder trocken oder feucht sein.
/data/local/tmp/starling-issue-batch/fleurs-validation/de_de_validation_155.wav run=0 audio=16.20s time=1847.7ms rtf=0.1141
  Auf verereisten und verschneiten Straßen ist die Haftung gering, und man kann nicht fahren, als befindet man sich auf nacktem Asphalt.
/data/local/tmp/starling-issue-batch/fleurs-validation/de_de_validation_156.wav run=0 audio=8.58s time=1102.9ms rtf=0.1285
  Das wichtigste lokale Bier ist Number One. Es ist kein komplexes Bier, aber angenehm und erfrischend. Das andere lokale Bier heißt Manda.
/data/local/tmp/starling-issue-batch/fleurs-validation/de_de_validation_157.wav run=0 audio=8.88s time=1142.9ms rtf=0.1287
  Im Prinzip ist der tibetische Buddhismus sehr einfach, er besteht aus Gundalini, Yoga, Meditation und Pfad der allumfassenden Liebe.
/data/local/tmp/starling-issue-batch/fleurs-validation/de_de_validation_158.wav run=0 audio=21.72s time=2353.6ms rtf=0.1084
  Der siehbehinderte polische Schiefahrer Musiq Kiril und die Begleitläuferin Anna Ugaska belegten im Super G den 13. Platz, der Südkoraner Jung Sir, belegte im Super G der Männer den 24. Platz
/data/local/tmp/starling-issue-batch/fleurs-validation/de_de_validation_159.wav run=0 audio=5.88s time=920.7ms rtf=0.1566
  Die ursprüngliche Population hat sich überhaupt nicht verändert, sie braucht noch immer dieselben Anpassungen wie zuvor.
/data/local/tmp/starling-issue-batch/fleurs-validation/de_de_validation_16.wav run=0 audio=10.86s time=1494.5ms rtf=0.1376
  Schließlich wurden die Holzräder durch Eisenräder ersetzt. 1767 wurden die ersten vollständig eisernen Schinen angeführt.
/data/local/tmp/starling-issue-batch/fleurs-validation/de_de_validation_160.wav run=0 audio=18.00s time=2141.4ms rtf=0.1190
  Baba Chjam wurden 108 Teller Schapang im Hinduismus, 56 verschiedene esbere Dinge wie Süßigkeiten, Früchte Nüsse, Gerichte und so weiter, die der Gottheit dargebracht werden, serviert.
/data/local/tmp/starling-issue-batch/fleurs-validation/de_de_validation_161.wav run=0 audio=10.02s time=1098.3ms rtf=0.1096
  Solche Dinge sind zu eigenständigen Displinen geworden, die sich darauf konzentrieren, Lösungen für Probleme des wirklichen Lebens zu finden.
/data/local/tmp/starling-issue-batch/fleurs-validation/de_de_validation_162.wav run=0 audio=8.88s time=1181.0ms rtf=0.1330
  Die marokinische Küche basiert wie die in ähnlichen Gebieten des Mittelmeers auf Brot Gemüse und Fleisch, ins besondere Schweinefleisch und verwendet stets Olivenöl.
/data/local/tmp/starling-issue-batch/fleurs-validation/de_de_validation_163.wav run=0 audio=15.66s time=1925.5ms rtf=0.1230
  Handgefertigte Produkte können als antik bezeichnet werden, obwohl sie Jünger als ähnliche Erzeugnisse aus Massenproduktion sind.
/data/local/tmp/starling-issue-batch/fleurs-validation/de_de_validation_164.wav run=0 audio=9.72s time=1148.4ms rtf=0.1181
  Die Spanier begannen die Kolonisierungszeit, die drei Jahrhunderte andauerte.
/data/local/tmp/starling-issue-batch/fleurs-validation/de_de_validation_165.wav run=0 audio=14.82s time=1721.7ms rtf=0.1162
  Aufgrund der großen Entfernung vom Kontinent waren Säugetiere nicht in der Lage, die Reise anzutreten, was die Riesenschildkröte zum Hauptweidetier auf den Galapagosinseln machte.
/data/local/tmp/starling-issue-batch/fleurs-validation/de_de_validation_166.wav run=0 audio=29.76s time=3193.7ms rtf=0.1073
  Der ehemalige Sprecher des Repräsentantenhauses Newt Gingrich, der sechsanische Gouverneur Rick Perry und die Kongressabgeordnete Michelle Bachmann erreichten jeweils den vierten, fünften und sechsten Platz.
/data/local/tmp/starling-issue-batch/fleurs-validation/de_de_validation_167.wav run=0 audio=12.42s time=1548.7ms rtf=0.1247
  Wenn Sie jemanden anrufen, der tausende von Meilen entfernt ist, dann nützen Sie einen Satelliten.
/data/local/tmp/starling-issue-batch/fleurs-validation/de_de_validation_168.wav run=0 audio=9.72s time=1189.7ms rtf=0.1224
  Die Portugiesen zerstörten sie und bauten sie unter den Namen Casabranga wieder auf, nur um sie nach einem Erdbeben im Jahr 1755, aufzugeben.
/data/local/tmp/starling-issue-batch/fleurs-validation/de_de_validation_169.wav run=0 audio=8.58s time=1145.4ms rtf=0.1335
  Wir können umweltfreundlicher leben, wir können uns der Umweltbewegung anschließen und wir können sogar Aktivisten werden, um zukünftiges Leid ein wenig zu lindern.
/data/local/tmp/starling-issue-batch/fleurs-validation/de_de_validation_17.wav run=0 audio=26.58s time=2890.8ms rtf=0.1088
  Der nördliche Teil oder die Sentinel Range hat die höchsten Berge der Antarktis, das Vincentmassiv, dessen höchste Gipfel mit 482 m Höhe der Mount Vincen ist.
/data/local/tmp/starling-issue-batch/fleurs-validation/de_de_validation_170.wav run=0 audio=17.70s time=1959.4ms rtf=0.1107
  Wir können umweltfreundlicher leben, wir können uns der Umweltbewegung anschließen und wir können sogar Aktivisten werden, um zukünftiges Leid ein wenig zu lindern.
/data/local/tmp/starling-issue-batch/fleurs-validation/de_de_validation_171.wav run=0 audio=9.72s time=1275.3ms rtf=0.1312
  Einige Tiere wie Elefanten und Giraffen neigen dazu, sich dicht an Autos anzunehmen, und die Standardauusrüstung ermöglicht eine gute Sicht.
/data/local/tmp/starling-issue-batch/fleurs-validation/de_de_validation_172.wav run=0 audio=20.22s time=2356.5ms rtf=0.1165
  Seine tausendste Briefmarke aus dem Jahr 2000 zeigt das prächtige Gemeinde rühmlicher Heldentaten schwedischer Könige von David Glöcker, Ehrenstrahl und ist im Gienbuch der Rekorde verzeichnet.
/data/local/tmp/starling-issue-batch/fleurs-validation/de_de_validation_173.wav run=0 audio=5.64s time=898.8ms rtf=0.1594
  Auf einem hundertfuß langen Teilabschnitt läuft Wasser über den Daumen.
/data/local/tmp/starling-issue-batch/fleurs-validation/de_de_validation_174.wav run=0 audio=4.32s time=1411.4ms rtf=0.3267
  Die wichtigste Religion in Moldavien ist die christlich Orthodoxe.
/data/local/tmp/starling-issue-batch/fleurs-validation/de_de_validation_175.wav run=0 audio=9.48s time=1164.5ms rtf=0.1228
  Der Amazonas ist auch der breiteste Flus der Erde, teilweise bis zu sechs Meilen breit.
/data/local/tmp/starling-issue-batch/fleurs-validation/de_de_validation_176.wav run=0 audio=7.26s time=977.2ms rtf=0.1346
  Nach den Erlebnissen der Schrecken und Gröltaten im Ersten Weltkrieg wollten die Nationen eine weitere solche Situation in der Zukunft vermeiden.
/data/local/tmp/starling-issue-batch/fleurs-validation/de_de_validation_177.wav run=0 audio=5.76s time=933.9ms rtf=0.1621
  Obwohl sich drei Menschen im Haus befanden, als das Auto hineinraste, wurde keiner von ihnen verletzt.
/data/local/tmp/starling-issue-batch/fleurs-validation/de_de_validation_178.wav run=0 audio=8.28s time=1141.3ms rtf=0.1378
  Auf dem Friedhof gibt es über einige Gräber interessante Marmorskulpturen von Tauben.
/data/local/tmp/starling-issue-batch/fleurs-validation/de_de_validation_179.wav run=0 audio=16.32s time=1851.3ms rtf=0.1134
  Frauen sollten erkennen, dass kulturelle Unterschiede zu dem führen können, was sie als Übergriff betrachten würden und dass es nicht ungewöhnlich ist, verfolgt am Arm gepackt und so weiter zu werden.
/data/local/tmp/starling-issue-batch/fleurs-validation/de_de_validation_18.wav run=0 audio=23.10s time=2731.7ms rtf=0.1183
  Der Kruger Nationalpark KNP liegt im Nordosten von Südafrika. Er grenzt im Osten an Mosambik, im Norden an Zimbabwe und im Süden an den Crocodile River.
/data/local/tmp/starling-issue-batch/fleurs-validation/de_de_validation_180.wav run=0 audio=9.42s time=1127.8ms rtf=0.1197
  Als die Kämpfe nach dem Transporteten ins Krankenhaus aufhörten, blieben etwa 40 der übrigen Insassen auf dem Hof und weigerten sich in ihre Zellen zurückzukehren.
/data/local/tmp/starling-issue-batch/fleurs-validation/de_de_validation_181.wav run=0 audio=11.46s time=1503.6ms rtf=0.1312
  Es ist Matelis 5. cm innerhalb von vier Jahren.
/data/local/tmp/starling-issue-batch/fleurs-validation/de_de_validation_182.wav run=0 audio=12.72s time=1554.7ms rtf=0.1222
  Wissenschaftler sagen, dass das Gefieder dieses Tieres auf der Oberseite der Kastanienbraun und auf der Unterseite hell oder Karotinfarben war.
/data/local/tmp/starling-issue-batch/fleurs-validation/de_de_validation_183.wav run=0 audio=11.58s time=1394.4ms rtf=0.1204
  Ägypter im antiken Neuen Reich bestaunten die Monumente ihrer Vorfahren, die damals gut tausend Jahre alt waren.
/data/local/tmp/starling-issue-batch/fleurs-validation/de_de_validation_184.wav run=0 audio=4.32s time=1172.9ms rtf=0.2715
  Es lohnt sich, eine halbe Stunde durch das faszinierende Dorf zu bummeln.
/data/local/tmp/starling-issue-batch/fleurs-validation/de_de_validation_185.wav run=0 audio=9.60s time=1090.5ms rtf=0.1136
  Auf veristen und verschneitten Straßen ist die Haftung gering und man kann nicht fahren, als befindet man sich auf nackten Asphalt.
/data/local/tmp/starling-issue-batch/fleurs-validation/de_de_validation_186.wav run=0 audio=17.16s time=1926.9ms rtf=0.1123
  Das größte Turnier des Jahres findet im Dezember auf Las Canitas Polowfeldern statt.
/data/local/tmp/starling-issue-batch/fleurs-validation/de_de_validation_187.wav run=0 audio=4.86s time=778.8ms rtf=0.1603
  Manche Festivals haben spezielle Campingbereiche für Familien mit kleinen Kindern.
/data/local/tmp/starling-issue-batch/fleurs-validation/de_de_validation_188.wav run=0 audio=8.94s time=1229.2ms rtf=0.1375
  Wenn man aus der Strömung herauskommt, ist das Zurückschwimmen nicht schwieriger als normal.
/data/local/tmp/starling-issue-batch/fleurs-validation/de_de_validation_189.wav run=0 audio=10.08s time=1174.0ms rtf=0.1165
  Auf einem hundertfuß langen Teilabschnitt läuft Wasser über den Daum.
/data/local/tmp/starling-issue-batch/fleurs-validation/de_de_validation_19.wav run=0 audio=7.20s time=875.3ms rtf=0.1216
  Es ist Mattelis fünfte CEP innerhalb von vier Jahren.
/data/local/tmp/starling-issue-batch/fleurs-validation/de_de_validation_190.wav run=0 audio=7.14s time=953.5ms rtf=0.1336
  Er sagte, dass er eine Velentürlinge gebaut habe.
/data/local/tmp/starling-issue-batch/fleurs-validation/de_de_validation_191.wav run=0 audio=19.86s time=2211.2ms rtf=0.1113
  Es gibt eine Menge sozialer und politischer Effekte wie die Nutzung des mierischen Systems, eine Abwendung vom Abstolutismus hin zum Republikanismus und Nationalismus, sowie der Glaube, dass das Land dem Volk gehört und nicht einem Herrscher allein.
/data/local/tmp/starling-issue-batch/fleurs-validation/de_de_validation_192.wav run=0 audio=9.00s time=1186.3ms rtf=0.1318
  Als er nach einem Kommentar gefragt wurde, sagte Miller, Mike spricht sehr viel während der Anhörung. Ich habe mich vorbereitet und konnte daher nicht richtig hören, was er sagte.
/data/local/tmp/starling-issue-batch/fleurs-validation/de_de_validation_193.wav run=0 audio=10.20s time=1172.8ms rtf=0.1150
  Die Eigenschaften, die eine Subkultur als solche abgrenzen, können sprachliche, ästhetische, religiöse, politische, sexuelle oder geografische Natur oder eine Kombination dieser Faktoren sein.
/data/local/tmp/starling-issue-batch/fleurs-validation/de_de_validation_194.wav run=0 audio=10.56s time=1498.7ms rtf=0.1419
  Da Augen sich über zwei Häfen erstreckt, gibt es viele Strände, die beliebtesten Strände befinden sich in drei Gebieten.
/data/local/tmp/starling-issue-batch/fleurs-validation/de_de_validation_195.wav run=0 audio=9.90s time=1158.4ms rtf=0.1170
  Dies wurde üblich, doch das Eisen sorgte für mehr verschleiß an den hölzernen Rednern.
/data/local/tmp/starling-issue-batch/fleurs-validation/de_de_validation_196.wav run=0 audio=11.28s time=1454.4ms rtf=0.1289
  Sie können in der Dunkelheit mit Nachtsicht sehr gut sehen und sich unbemerkt bewegen. Rotelots jagen ihre Beute, indem sie sich ihre Umgebung optisch angleichen und sich dann auf ihre Beute stürzen.
/data/local/tmp/starling-issue-batch/fleurs-validation/de_de_validation_197.wav run=0 audio=29.58s time=3115.0ms rtf=0.1053
  Schiefahren ist eine beliebte Reisetätigkeit mit vielen Enthusiasten, gelegentlich auch als Skipener bekannt, die ihren gesamten Urlaub um das Schiefahren an einem bestimmten Ort planen.
/data/local/tmp/starling-issue-batch/fleurs-validation/de_de_validation_198.wav run=0 audio=4.86s time=780.1ms rtf=0.1605
  US-Präsident George W. Bush begrüßte die Bekanntgabe.
/data/local/tmp/starling-issue-batch/fleurs-validation/de_de_validation_199.wav run=0 audio=9.60s time=1197.4ms rtf=0.1247
  Als sie das erste Mal ins Ausland reisten, waren die Menschen wahrscheinlich geduldig und verständnisvoll, weil sie wussten, dass sich Reisende in einem neuen Land anpassen müssen.
/data/local/tmp/starling-issue-batch/fleurs-validation/de_de_validation_2.wav run=0 audio=9.00s time=1159.2ms rtf=0.1288
  Der Amazonas ist auch der breiteste Fluss der Erde, teilweise bis zu 6 Meilen breit.
/data/local/tmp/starling-issue-batch/fleurs-validation/de_de_validation_20.wav run=0 audio=5.28s time=908.7ms rtf=0.1721
  Manche Festivals haben spezielle Campingbereiche für Familien mit kleinen Kindern.
/data/local/tmp/starling-issue-batch/fleurs-validation/de_de_validation_200.wav run=0 audio=15.60s time=1968.4ms rtf=0.1262
  Seine Allmacht beherrschte jeden, vom König bis zum einfachen Bürger.
/data/local/tmp/starling-issue-batch/fleurs-validation/de_de_validation_201.wav run=0 audio=10.80s time=1531.3ms rtf=0.1418
  Wir können umweltfreundlicher leben, wir können uns der Umweltbewegung anschließen, und wir können sogar Aktivisten werden, um zukünftiges Leid ein wenig zu linden.
/data/local/tmp/starling-issue-batch/fleurs-validation/de_de_validation_202.wav run=0 audio=8.82s time=1079.6ms rtf=0.1224
  Obwohl sich drei Menschen im Haus befanden, als das Auto hineinraste, wurde keiner von ihnen verletzt.
/data/local/tmp/starling-issue-batch/fleurs-validation/de_de_validation_203.wav run=0 audio=9.60s time=1157.2ms rtf=0.1205
  Mit der Zeit beginnt sich die neue Population an ihre neue Umgebung anzupassen, und dann sieht sie der andere Population immer weniger ähnlich.
/data/local/tmp/starling-issue-batch/fleurs-validation/de_de_validation_204.wav run=0 audio=20.40s time=2142.8ms rtf=0.1050
  Forschung im Bereich KI umfasst die Herstellung von Maschinen zur Automatisierung von Aufgaben, die intelligentes Verhalten erfordern.
/data/local/tmp/starling-issue-batch/fleurs-validation/de_de_validation_205.wav run=0 audio=27.72s time=2953.1ms rtf=0.1065
  Kurierfirmen werden für die schnelle Lieferung von Dingen gut bezahlt. Häufig ist die Zeit ein sehr wichtiger Faktor bei Unternehmensdokumenten, Handelswaren oder Ersatzteilen für dringende Reparaturen.
/data/local/tmp/starling-issue-batch/fleurs-validation/de_de_validation_206.wav run=0 audio=17.16s time=1927.4ms rtf=0.1123
  Laut einigen Berichten beträgt die offizielle Zahl der Todesopfer acht und offizielle Berichte bestätigen, dass bis zu drei Personen verletzt wurden. Allerdings sind noch keine endgültigen Zahlen bekannt.
/data/local/tmp/starling-issue-batch/fleurs-validation/de_de_validation_207.wav run=0 audio=13.56s time=1734.9ms rtf=0.1279
  Die dargestellten Ansichten sind oft oberflächlich, allgemein und im Vergleich zu den detaillierten Informationen, die anderswo zu finden sind, zu stark vereinfacht.
/data/local/tmp/starling-issue-batch/fleurs-validation/de_de_validation_208.wav run=0 audio=11.82s time=1512.5ms rtf=0.1280
  Die meisten Schilder sind jedoch nur in katalanisch angegeben, da es gesetzlich als erste Amtssprache festgelegt ist.
/data/local/tmp/starling-issue-batch/fleurs-validation/de_de_validation_209.wav run=0 audio=18.96s time=2029.8ms rtf=0.1071
  Eine immer beliebtere Option für Menschen, die planen, ein Jahr-Ouh-Zeit zu nehmen, sind Studien- und Kursangebote im Ausland.
/data/local/tmp/starling-issue-batch/fleurs-validation/de_de_validation_21.wav run=0 audio=8.34s time=1247.2ms rtf=0.1495
  Dies wurde üblich, doch dass Eisen sorgte für mehr Verschleiß an den hölzern Rädern der Wagen.
/data/local/tmp/starling-issue-batch/fleurs-validation/de_de_validation_210.wav run=0 audio=4.20s time=787.7ms rtf=0.1876
  US-Präsident George W. Bush begrüßte die Bekanntgabe.
/data/local/tmp/starling-issue-batch/fleurs-validation/de_de_validation_211.wav run=0 audio=18.48s time=2236.4ms rtf=0.1210
  Wissenschaftler sagen, dass die Explosion, die durch den Zusammenschluss bewirkt wurde, gewaltig war.
/data/local/tmp/starling-issue-batch/fleurs-validation/de_de_validation_212.wav run=0 audio=22.50s time=2354.4ms rtf=0.1046
  Es greift auf satellitenbasierte Technologie statt der älteren Technologie auf der Basis von Bodenradar zurück, um den Flugglotzen die präzizere Lokalisierung von Flugzeugen zu ermöglichen und die Piloten mit genaueren Informationen zu versorgen.
/data/local/tmp/starling-issue-batch/fleurs-validation/de_de_validation_213.wav run=0 audio=12.90s time=1706.9ms rtf=0.1323
  Wenn man aus der Strömung herauskommt, ist das Zurückschwimmen nicht schwieriger als normal.
/data/local/tmp/starling-issue-batch/fleurs-validation/de_de_validation_214.wav run=0 audio=14.94s time=1668.2ms rtf=0.1117
  Wissenschaftler denken, dass Ozlertiere zum Fressen beute mit ihren Geruchsinn verfolgen und aufspüren. Sie schnuppern danach, wo sie sich am Boden aufgehalten haben.
/data/local/tmp/starling-issue-batch/fleurs-validation/de_de_validation_215.wav run=0 audio=18.84s time=2115.3ms rtf=0.1123
  Im Land Kanan gibt es keine großen Wälder, so dass Holz extrem teuer war.
/data/local/tmp/starling-issue-batch/fleurs-validation/de_de_validation_216.wav run=0 audio=10.56s time=1482.3ms rtf=0.1404
  Im Christentum ist Weihnachten eine der wichtigsten Feiertage und gilt als Gurtstag von Jesus.
/data/local/tmp/starling-issue-batch/fleurs-validation/de_de_validation_217.wav run=0 audio=13.50s time=1739.6ms rtf=0.1289
  Baldaten Polizisten, die mit Schutzanzügen ausgerüstet waren das Gelände, und drängte die Insassen mit Trenengas in die Ecke.
/data/local/tmp/starling-issue-batch/fleurs-validation/de_de_validation_218.wav run=0 audio=8.10s time=1155.5ms rtf=0.1426
  Einige Patienten haben sich möglicherweise im Krankenhaus mit dem Erreger angesteckt, meint Doktor Mollen. Mindestens zwei waren medizinische Krankenhaus angestellte.
/data/local/tmp/starling-issue-batch/fleurs-validation/de_de_validation_219.wav run=0 audio=11.10s time=1491.0ms rtf=0.1343
  Schließlich wurden die Holzräder durch Eisenrider ersetzt. 1767 wurden die ersten vollständig eisen Schinen eingeführt.
/data/local/tmp/starling-issue-batch/fleurs-validation/de_de_validation_22.wav run=0 audio=8.40s time=1131.8ms rtf=0.1347
  Ring CEO Jamie Siminoff sagte einmal, dass er das Unternehmen gegründet habe, nachdem er von seiner Gardenwerkstatt aus seiner Türklinage nicht hören konnte.
/data/local/tmp/starling-issue-batch/fleurs-validation/de_de_validation_220.wav run=0 audio=9.12s time=1113.2ms rtf=0.1221
  Beispielsweise werden Lernen und Sozialisation als wichtige Motivation für die Internetnutzung vorgebracht, James et Al. 1995.
/data/local/tmp/starling-issue-batch/fleurs-validation/de_de_validation_221.wav run=0 audio=19.08s time=2010.1ms rtf=0.1054
  Die italienische Aussprache ist relativ einfach, da die meisten Wörter genauso ausgesprochen werden, wie sie geschrieben sind.
/data/local/tmp/starling-issue-batch/fleurs-validation/de_de_validation_222.wav run=0 audio=9.84s time=1203.4ms rtf=0.1223
  Skifahren ist eine beliebte Reisetätigkeit mit vielen Enthusiasten, gelegentlich auch als Skipenner bekannt, die ihren gesamten Urlaub rund unter Skifahren an einem bestimmten Ort planen.
/data/local/tmp/starling-issue-batch/fleurs-validation/de_de_validation_223.wav run=0 audio=5.34s time=850.6ms rtf=0.1593
  Sie können die Pyramiden in der Dunkelheit sehen, und während des Stiles Ehe die Show beginnt.
/data/local/tmp/starling-issue-batch/fleurs-validation/de_de_validation_224.wav run=0 audio=11.52s time=1511.4ms rtf=0.1312
  Seine tausendste Briefmarke aus dem Jahr 2000 zeigt das prächtige Gemälde rühmliche Heldentaten schwedischer König, von David Köcher, Ehrenstrahl und ist im Ginesbuch der Rekorder verzeichnet.
/data/local/tmp/starling-issue-batch/fleurs-validation/de_de_validation_225.wav run=0 audio=9.84s time=1194.0ms rtf=0.1213
  Insekten waren die ersten Tiere, die den Himmel eroberten. Ihre Fähigkeit zu fliegen, half ihnen Feinden, leichter auszuweichen und effizienter Nahrung im Geschlechtspartner zu finden.
/data/local/tmp/starling-issue-batch/fleurs-validation/de_de_validation_226.wav run=0 audio=5.28s time=807.7ms rtf=0.1530
  Der größte Teil des Lebens der hebräischen Familie spielt sich unter freiem Himmel ab.
/data/local/tmp/starling-issue-batch/fleurs-validation/de_de_validation_227.wav run=0 audio=9.72s time=1063.3ms rtf=0.1094
  Der Patient hatte sich in Nigeria aufgehalten, wo einige Fälle des Ebula-Viruses auftraten.
/data/local/tmp/starling-issue-batch/fleurs-validation/de_de_validation_228.wav run=0 audio=10.50s time=1482.1ms rtf=0.1412
  Dies in Kombination mit seiner relativen Unzugänglichkeit hat dem Buktu zu einer Metapher für exotische Fernländer werden lassen.
/data/local/tmp/starling-issue-batch/fleurs-validation/de_de_validation_229.wav run=0 audio=8.16s time=1074.8ms rtf=0.1317
  Die NHK berichtete zudem, dass das Atomkraftwerk von Kariasaki Kariva in der Präfektur inark im normalen Betrieb war.
/data/local/tmp/starling-issue-batch/fleurs-validation/de_de_validation_23.wav run=0 audio=11.28s time=1415.5ms rtf=0.1255
  Bush-Sprecher Jordan John Row nannte das Versprechen Nordkoreas einen wichtigen Schritt in Richtung des Ziels, die verifizierbare Entularisierung der koreanischen Halbinsel zu erreichen.
/data/local/tmp/starling-issue-batch/fleurs-validation/de_de_validation_230.wav run=0 audio=5.28s time=814.5ms rtf=0.1543
  Dann übernahm Lakers die Leitung beim Singen des Bajans.
/data/local/tmp/starling-issue-batch/fleurs-validation/de_de_validation_231.wav run=0 audio=12.72s time=1427.3ms rtf=0.1122
  Auch wenn die Bezeichnung Zigeuner vor allem von Nicht-Roma verbreitet verwendet wird, wird sie oftmals als beleidigend aufgefasst, damit ihr negativ Stereotype und ungenaue Warnung der Roma assoziiert werden.
/data/local/tmp/starling-issue-batch/fleurs-validation/de_de_validation_232.wav run=0 audio=16.68s time=1780.4ms rtf=0.1067
  Zu dieser Schlussfolgerung kam sie aufgrund der zahlreichen positiven Kommentare und der Ermutigung, die sie sowohl von Männern als auch von Frauen erhielt, die darauf drängten, dass Verhütungsmittel als medizinische Notwendigkeit angesehen werden sollen.
/data/local/tmp/starling-issue-batch/fleurs-validation/de_de_validation_233.wav run=0 audio=5.52s time=795.2ms rtf=0.1441
  Da protag nur 18 Medaillen zur Verfügung stehen, hat es eine Anzahl an Ländern nicht auf das Podium geschafft.
/data/local/tmp/starling-issue-batch/fleurs-validation/de_de_validation_234.wav run=0 audio=4.50s time=661.6ms rtf=0.1470
  Die wichtigste Religion in Moldavien ist die christlich orthodoxe.
/data/local/tmp/starling-issue-batch/fleurs-validation/de_de_validation_235.wav run=0 audio=14.58s time=1720.7ms rtf=0.1180
  Beispiele für Aktivitäten vor Ort sind Jagen, Angeln, Fotografie, Vogelbeobachtung, der Besuch von Parks und das Lernen von Informationen über das Ökosystem.
/data/local/tmp/starling-issue-batch/fleurs-validation/de_de_validation_236.wav run=0 audio=16.14s time=1869.4ms rtf=0.1158
  Die jawanische Küche, die heute überall auf der Inselgruppe verbreitet ist, bietet eine Vielzahl von einfach gewürzten Gerichten. Als Geschmacksträger bevorzugen die Japaner dabei Erdnüsse, Chilis, Zucker, besonders jawanische Kokosblütenzucker und eine Reihe von aromatischen Gewürzen.
/data/local/tmp/starling-issue-batch/fleurs-validation/de_de_validation_237.wav run=0 audio=10.98s time=1443.0ms rtf=0.1314
  Insekten waren die ersten Tiere, die den Himmel eroberten. Ihre Fähigkeit zu fliegen, half ihnen Feinden, leichter auszuweichen und effizienter Nahrung und Geschlechtspartner zu finden.
/data/local/tmp/starling-issue-batch/fleurs-validation/de_de_validation_238.wav run=0 audio=14.10s time=1722.7ms rtf=0.1222
  Ägypter im antiken Neuen Reich bestanden die Monumente ihrer Vorfahren, die damals gut tausend Jahre alt waren.
/data/local/tmp/starling-issue-batch/fleurs-validation/de_de_validation_239.wav run=0 audio=8.82s time=1144.1ms rtf=0.1297
  Auf dem Friedhof gibt es über einigen Gräbern interessante Marmorskulpturen von Tauben.
/data/local/tmp/starling-issue-batch/fleurs-validation/de_de_validation_24.wav run=0 audio=11.04s time=1466.7ms rtf=0.1329
  Erwarnt davor, dass niemand garantieren kann, dass irgendeine Vorgehensweise im Irak zu diesem Zeitpunkt die säktire Kriegsführung die wachsende Gewalt oder ein abgleitendes Chaos stoppen wird.
/data/local/tmp/starling-issue-batch/fleurs-validation/de_de_validation_240.wav run=0 audio=24.18s time=2706.3ms rtf=0.1119
  Diese Theorien liegen nahe, dass Menschen bestimmte Bedürfnisse und oder Wünsche haben, die im Laufe ihres erwachsenen Werdens verinnert werden.
/data/local/tmp/starling-issue-batch/fleurs-validation/de_de_validation_241.wav run=0 audio=10.98s time=1477.8ms rtf=0.1346
  Salzwasserkrokodile leben nicht aktiv im Meer, Ihr primäre Lebensraum ist in Flußmündungen, nördlich von Rohemphem.
/data/local/tmp/starling-issue-batch/fleurs-validation/de_de_validation_242.wav run=0 audio=4.56s time=718.8ms rtf=0.1576
  Das Ergebnis der Plotting Analyse wird auf einer öffentlichen Website publiziert.
/data/local/tmp/starling-issue-batch/fleurs-validation/de_de_validation_243.wav run=0 audio=20.40s time=2101.1ms rtf=0.1030
  In Japan wurden die ersten Kirschblütenfeste vom Kaiser, nur für sich selbst und andere Adelsangehörige im Umfeld des kaiserlichen Hofs abgehalten.
/data/local/tmp/starling-issue-batch/fleurs-validation/de_de_validation_244.wav run=0 audio=11.16s time=1498.9ms rtf=0.1343
  Der nördliche Teil oder die Sentinel Range hat die höchsten Berge der Antarktis, das Winzenmassiv, dessen höchster Gipfel mit 4.892 m der Mauer-Winzen ist.
/data/local/tmp/starling-issue-batch/fleurs-validation/de_de_validation_245.wav run=0 audio=18.06s time=2014.1ms rtf=0.1115
  Bitte behandeln Sie diese Städte mit der Würde, der Furcht und dem Respekt, die Ihr Gebühren. Machen Sie keine Witze über den Holocaust oder die Nazis.
/data/local/tmp/starling-issue-batch/fleurs-validation/de_de_validation_246.wav run=0 audio=8.64s time=1110.3ms rtf=0.1285
  Der Park hat eine Fläche von 19.500 km und ist in 14 verschiedene Ökozonen aufgeteilt, von denen jeder eine andere Tierwelt unterstützt.
/data/local/tmp/starling-issue-batch/fleurs-validation/de_de_validation_247.wav run=0 audio=8.82s time=1123.5ms rtf=0.1274
  Robin Utaha erreichte die höchste Punktzahl der Innings, 70 Punkte bei nur 41 Bällen, indem er 11 Vierer und 26 schlug.
/data/local/tmp/starling-issue-batch/fleurs-validation/de_de_validation_248.wav run=0 audio=11.52s time=1480.2ms rtf=0.1285
  Der Bericht fängt an mit der Bitte um einen offenen Diskurs und um Konsensbildung in den USA über eine Strategie für den Mittleren Osten.
/data/local/tmp/starling-issue-batch/fleurs-validation/de_de_validation_249.wav run=0 audio=16.86s time=1922.9ms rtf=0.1141
  Das Hauptziel der Wissenschaft ist es, mit Hilfe der wissenschaftlichen Methode herauszufinden, wie die Welt funktioniert. Diese Methode ist in der Tat die Basis der meisten wissenschaftlichen Untersuchungen.
/data/local/tmp/starling-issue-batch/fleurs-validation/de_de_validation_25.wav run=0 audio=17.40s time=1888.0ms rtf=0.1085
  Die Kriegsausgaben der US-Imperialisten, bei der Eroberung der Philippinen, wurden vom philippinischen Volk selbst getragen.
/data/local/tmp/starling-issue-batch/fleurs-validation/de_de_validation_250.wav run=0 audio=11.34s time=1465.0ms rtf=0.1292
  Die Araba brachten auch den Islam ins Land, und auf den Komoren und in Mayotte war er sehr erfolgreich.
/data/local/tmp/starling-issue-batch/fleurs-validation/de_de_validation_251.wav run=0 audio=22.98s time=2252.5ms rtf=0.0980
  Gerichten zufolge dauerten ausgedehnte Blünderungen die Nacht über an, während Polizeibeamte keine Präsenz auf den Straßen Bischeks zeigte.
/data/local/tmp/starling-issue-batch/fleurs-validation/de_de_validation_252.wav run=0 audio=23.28s time=2611.6ms rtf=0.1122
  Israel verlangt eine Militärpräsence im Jordan von 10 Jahren ab der Unterzeichnung der Vereinbarung. Die Palästinenserbehörde hingegen will eine solche Präsenz nur für 5 Jahre akzeptieren.
/data/local/tmp/starling-issue-batch/fleurs-validation/de_de_validation_253.wav run=0 audio=18.36s time=1964.5ms rtf=0.1070
  Vor tausenden von Jahren behauptete ein Mann namens Aristarch, dass die Sonne im Mittelpunkt der Bewegungen des Sonnensystems steht.
/data/local/tmp/starling-issue-batch/fleurs-validation/de_de_validation_254.wav run=0 audio=14.52s time=1705.5ms rtf=0.1175
  Der sehbehinderte polnische Skifahrer Mache Kretchel und die Begleitläuferin Anna Ogardinska belegten im Supergi den 13. Platz, der Südkorner Jong Sir belegte im Suppi der Männer den 24. Platz.
/data/local/tmp/starling-issue-batch/fleurs-validation/de_de_validation_255.wav run=0 audio=23.46s time=2517.2ms rtf=0.1073
  Der Endstand war ein Sieg mit einem Punktvorschwung von 21 zu 20, der die Erfolgsserie der All Blacks von 15 Spielen beendete.
/data/local/tmp/starling-issue-batch/fleurs-validation/de_de_validation_256.wav run=0 audio=38.82s time=6705.6ms rtf=0.1727
  Der in Panik versetzte König Ludwig XIV, König Marie Antoinette, ihre beiden kleinen Kinder, die 11 Jahre alte Marie Therese und the 4 Jahre alte Louis Chain, sowie die Schwester des Königs Madame Elisabeth, wurden am 6. Oktober 1789 in Versailles von einem Mob aus Marktfrauen zurück nach Paris gezwungen.
/data/local/tmp/starling-issue-batch/fleurs-validation/de_de_validation_257.wav run=0 audio=14.82s time=1710.0ms rtf=0.1154
  Das wichtigste lokale Bier ist Number. Es ist kein komplexes Bier, aber angenehm und erfrischend. Das andere lokale Bier heißt Manta.
/data/local/tmp/starling-issue-batch/fleurs-validation/de_de_validation_258.wav run=0 audio=11.16s time=1524.9ms rtf=0.1366
  Die dargestellten Ansichten sind oft oberflächlich allgemein und im Vergleich zu den sich, die anders wo zu finden sind, zu stark vereinfacht.
/data/local/tmp/starling-issue-batch/fleurs-validation/de_de_validation_259.wav run=0 audio=18.12s time=2052.0ms rtf=0.1132
  Wenn Sie jemanden den Anrufen, der tausende von Meilen entfernt ist, dann nützen Sie einen Satelliten.
/data/local/tmp/starling-issue-batch/fleurs-validation/de_de_validation_26.wav run=0 audio=13.38s time=1647.9ms rtf=0.1232
  Ein ehemaliger philippinischer Polizist hat Touristen aus Hongkong als Geiseln genommen, indem er ihren Bus in Manila, der Hauptstadt der Philippinen, entführte.
/data/local/tmp/starling-issue-batch/fleurs-validation/de_de_validation_260.wav run=0 audio=21.06s time=2239.1ms rtf=0.1063
  Die Richten zufolge dauerten ausgedehnte Plünderungen die Nacht überan, während Polizeibeamte keine Präsenz auf den Straßenbeschäftszeiten.
/data/local/tmp/starling-issue-batch/fleurs-validation/de_de_validation_261.wav run=0 audio=8.46s time=1157.3ms rtf=0.1368
  Safari sind vielleicht die größte Touristentraktion in Afrika und der Höhepunkt für viele Besucher.
/data/local/tmp/starling-issue-batch/fleurs-validation/de_de_validation_262.wav run=0 audio=11.82s time=1435.1ms rtf=0.1214
  Er sagte, dass er eine Villa-Türkine gebaut habe.
/data/local/tmp/starling-issue-batch/fleurs-validation/de_de_validation_263.wav run=0 audio=10.80s time=1397.4ms rtf=0.1294
  Der Mexikaner Aliz kam beim Super J-Heeren sitzend als 15 ins Ziel. Der Neuseeländer Adam Hall kam beim Super G-Hehren stehend als Neunter in das Ziel.
/data/local/tmp/starling-issue-batch/fleurs-validation/de_de_validation_264.wav run=0 audio=20.10s time=2106.0ms rtf=0.1048
  Rings Simiff sagte einmal, dass er das Unternehmen gegründet habe. Nachdem er von seiner Garagenwerkstatt aus seine Türklängel nicht hören konnte.
/data/local/tmp/starling-issue-batch/fleurs-validation/de_de_validation_265.wav run=0 audio=9.54s time=1104.6ms rtf=0.1158
  Der Park hat eine Fläche von 19.500 km und ist in 14 verschiedene Ökozonen aufgeteilt, von denen jeder wird unterstützt.
/data/local/tmp/starling-issue-batch/fleurs-validation/de_de_validation_266.wav run=0 audio=8.28s time=1132.1ms rtf=0.1367
  Ein Satellitentelefon ist generell kein Ersatz für ein Mobiltelefon, da man draußen und klarer Sichtlinie eines Satellitien sein muss, um einen Anruf zu tätigen.
/data/local/tmp/starling-issue-batch/fleurs-validation/de_de_validation_267.wav run=0 audio=10.14s time=1145.2ms rtf=0.1129
  Frauen sollten erkennen, dass kulturelle Unterschiede zu dem führen können, was sie als Übergriff betrachten würden, und dass es nicht ungewöhnlich ist, verfolgt im Arm gepackt und so weiter zu werden.
/data/local/tmp/starling-issue-batch/fleurs-validation/de_de_validation_268.wav run=0 audio=10.08s time=1142.3ms rtf=0.1133
  Da Augen sich über zwei Hälfen erstreckt, gibt es viele Strände, die beliebtesten Strände befinden sich in drei Gebieten.
/data/local/tmp/starling-issue-batch/fleurs-validation/de_de_validation_269.wav run=0 audio=7.20s time=837.6ms rtf=0.1163
  Dennoch wurden 80% unserer Waren in zentrale Ländern mit Zöllen belegt. Wir kümmern uns um sie.
/data/local/tmp/starling-issue-batch/fleurs-validation/de_de_validation_27.wav run=0 audio=15.54s time=1833.2ms rtf=0.1180
  Curiefirmen werden für die schnelle Lieferung von Dingen gut bezahlt. Häufig ist die Zeit ein sehr wichtiger Faktor bei Unternehmensdokumenten, Helswaren oder Ersatzteilen für dringende Reparaturen.
/data/local/tmp/starling-issue-batch/fleurs-validation/de_de_validation_270.wav run=0 audio=22.56s time=2286.1ms rtf=0.1013
  In vielen Fällen kann die Teilnahme in einem Auslands-Überbrückungslehrprogramm ihre Chancen auf eine Hochschulausbildung in ihrem Heimatland tatsächlich verbessern.
/data/local/tmp/starling-issue-batch/fleurs-validation/de_de_validation_271.wav run=0 audio=12.54s time=1487.2ms rtf=0.1186
  Bush-Sprecher Gordon Din Row nannte das Versprechen Nordkoreas einen wichtigen Schritt in Richtung des Ziels, die verifizierbare Enuklearisierung der koreanischen Halbinsel zu erreichen.
/data/local/tmp/starling-issue-batch/fleurs-validation/de_de_validation_272.wav run=0 audio=12.48s time=1548.2ms rtf=0.1241
  In den Vereinigten Staaten von Amerika gibt es etwa 4000 bekannte Fälle von Multiple Sklerose MS, womit sie die am weitesten verbreitete neurologische Krankheit bei erwachsenen Jüngern und mittleren Alters ist.
/data/local/tmp/starling-issue-batch/fleurs-validation/de_de_validation_273.wav run=0 audio=15.54s time=1785.4ms rtf=0.1149
  Virtuelle Exkursionen stellen eine technische Lösung dar, die Schüler können vom Klassenzimmer aus, Museumsstücke betrachten, ein Aquarium besuchen oder schöne Kunstwerke bewundern.
/data/local/tmp/starling-issue-batch/fleurs-validation/de_de_validation_274.wav run=0 audio=17.16s time=2022.0ms rtf=0.1178
  Jegliche Änderungen oder Anfragen sollten jedoch zuerst an das Reisebüro und nicht direkt an das Hotel gerichtet werden.
/data/local/tmp/starling-issue-batch/fleurs-validation/de_de_validation_275.wav run=0 audio=10.68s time=1475.5ms rtf=0.1382
  Virtuelle Exkursionen stellen eine technische Lösung dar, die Schüler können von Klassenzimmer aus Museumsstücke betrachten, ein Aquarium besuchen oder schöne Kunstwerke bewundern.
/data/local/tmp/starling-issue-batch/fleurs-validation/de_de_validation_276.wav run=0 audio=15.00s time=1769.9ms rtf=0.1180
  Als er nach einem Kommentar gefragt wurde, sagte Miller: Mike spricht sehr viel während der Anhörung, ich habe mich vorbereitet und konnte daher nicht richtig hören, was er sagte.
/data/local/tmp/starling-issue-batch/fleurs-validation/de_de_validation_277.wav run=0 audio=14.52s time=1731.4ms rtf=0.1192
  Er hatte zudem keine Befugnis, Steuergesetze und Zölle zwischen Bundesstaaten außer Kraft zu setzen.
/data/local/tmp/starling-issue-batch/fleurs-validation/de_de_validation_278.wav run=0 audio=16.02s time=1940.5ms rtf=0.1211
  Kurierfirmen werden für die Schnelllieferung von denen gut bezahlt. Häufig ist die Zeit ein sehr wichtiger Faktor, bei Unternehmensdokumenten, Handelsfahren oder Ersatzteilen von dringenden Reparaturen.
/data/local/tmp/starling-issue-batch/fleurs-validation/de_de_validation_279.wav run=0 audio=18.36s time=2102.3ms rtf=0.1145
  Die ersten Fälle der Krankheit dieser Saison wurden Ende Juli gemeldet.
/data/local/tmp/starling-issue-batch/fleurs-validation/de_de_validation_28.wav run=0 audio=9.84s time=1164.5ms rtf=0.1183
  Der Winter kann trügerisch kühl sein. Die Temperaturen gehen selten unter den Gefrierpunkt, aber Wind und Feuchtigkeit führen dazu, dass es sich kälter anfühlt als das, was das Thermometer anzeigt.
/data/local/tmp/starling-issue-batch/fleurs-validation/de_de_validation_280.wav run=0 audio=10.92s time=1525.6ms rtf=0.1397
  Die meisten Schilder sind jedoch nur in katalanisch angegeben, da es gesetzlich als erste Amtssprache festgelegt ist.
/data/local/tmp/starling-issue-batch/fleurs-validation/de_de_validation_281.wav run=0 audio=5.52s time=915.6ms rtf=0.1659
  Wissenschaftler sagen, dass die Explosion, die durch den Zusammenstoß bewirkt wurde, gewaltig war.
/data/local/tmp/starling-issue-batch/fleurs-validation/de_de_validation_282.wav run=0 audio=32.46s time=3437.3ms rtf=0.1059
  Der Goldmedaillengewinner bei Olympischen Spielen sollte bei den Common Wales Games in den Disziplinen 100 Meter und 200 Meter Freistil, so wie in drei Lagenstaffeln schwimmen, aber wegen seiner vielen Beschwerden wurde seine Fitness angezweifelt.
/data/local/tmp/starling-issue-batch/fleurs-validation/de_de_validation_283.wav run=0 audio=7.32s time=929.3ms rtf=0.1270
  Nach dem Erlebnis der Schrecken und Gräueltaten im Ersten Weltkrieg wollten die Nationen eine weitere solche Situation in der Zukunft vermeiden.
/data/local/tmp/starling-issue-batch/fleurs-validation/de_de_validation_284.wav run=0 audio=9.78s time=1185.8ms rtf=0.1213
  Der Kruga National Park KNP liegt im Nordosten von Südafrika, er grenzt im Osten an Musambik, im Norden an Zimbabwe und im Süden an die Crocodile River.
/data/local/tmp/starling-issue-batch/fleurs-validation/de_de_validation_285.wav run=0 audio=13.20s time=1711.0ms rtf=0.1296
  Einige Tiere wie Elefanten und Kiraffen neigen dazu, sich dicht an Autos anzunähern, und die Standardausrüstung ermöglicht eine gute Sicht.
/data/local/tmp/starling-issue-batch/fleurs-validation/de_de_validation_286.wav run=0 audio=11.76s time=1546.7ms rtf=0.1315
  In vielen Fällen kann die Teilnahme in einem Auslandsüberbrücke Programm Ihre Chancen auf eine Hochschulausbildung in ihrem Heimatland tatsächlich verbessern.
/data/local/tmp/starling-issue-batch/fleurs-validation/de_de_validation_287.wav run=0 audio=20.04s time=2192.7ms rtf=0.1094
  Babasyan wurden 108 Tälle. Chapab im Hinduismus, 56 verschiedene esbare Dinge wie Süßigkeiten, Früchte, Nüsse, Gerichte und so weiter, die der Gottheit dargebracht werden serviert.
/data/local/tmp/starling-issue-batch/fleurs-validation/de_de_validation_288.wav run=0 audio=12.72s time=1709.8ms rtf=0.1344
  Das wichtigste lokale Bier ist Nummer. Es ist kein komplexes Bier, aber angenehm unterfrischend. Das andere lokale Bier heißt man.
/data/local/tmp/starling-issue-batch/fleurs-validation/de_de_validation_289.wav run=0 audio=8.94s time=1399.1ms rtf=0.1565
  In diesem tsamischen Pendelverkehr sind alle in gewisser Weise mit einem Transportsystem verbunden, das auf dem privaten PKW basiert und unterstützen ist.
/data/local/tmp/starling-issue-batch/fleurs-validation/de_de_validation_29.wav run=0 audio=27.36s time=3021.7ms rtf=0.1104
  Von den 1400 Personen, die vor den Bundeswahlen 2010 befragt wurden, hat der Anteil derjenigen, die sich dagegen aussprechen, dass Australien zur Republik wird, seit 2008 um 8% zugenommen.
/data/local/tmp/starling-issue-batch/fleurs-validation/de_de_validation_290.wav run=0 audio=8.64s time=1080.2ms rtf=0.1250
  Er hatte zudem keine Befugnisse, Steuergesetze und Zölle zwischen Bundesstaaten außer Kraft zu setzen.
/data/local/tmp/starling-issue-batch/fleurs-validation/de_de_validation_291.wav run=0 audio=7.32s time=998.6ms rtf=0.1364
  Dennoch wurden 80% unserer Waren in zentrale Ländern mit Zöllen belegt. Wir kümmern uns um sie.
/data/local/tmp/starling-issue-batch/fleurs-validation/de_de_validation_292.wav run=0 audio=13.68s time=1745.0ms rtf=0.1276
  Die Forscher behaupteten, dass obwohl dies der Schwanz eines jungen Dinosauriers ist, die Probe, dass Gefieder eines Erwachsenen und keines Küchendauer zeigt.
/data/local/tmp/starling-issue-batch/fleurs-validation/de_de_validation_293.wav run=0 audio=16.26s time=1937.2ms rtf=0.1191
  Die italienische Aussprache ist relativ einfach, da die meisten Wörter genauso ausgesprochen werden, wie sie geschrieben sind.
/data/local/tmp/starling-issue-batch/fleurs-validation/de_de_validation_294.wav run=0 audio=10.32s time=1445.9ms rtf=0.1401
  Das Hauptziel der Wissenschaft ist es, mit Hilfe der wissenschaftlichen Methode herauszufinden, wie die Welt funktioniert. Diese Methode ist in der Tat die Basis der meisten wissenschaftlichen Untersuchungen.
/data/local/tmp/starling-issue-batch/fleurs-validation/de_de_validation_295.wav run=0 audio=8.76s time=1144.2ms rtf=0.1306
  Das Ergebnis der Platinanalyse wird auf einer öffentlichen Website publiziert.
/data/local/tmp/starling-issue-batch/fleurs-validation/de_de_validation_296.wav run=0 audio=13.20s time=1701.0ms rtf=0.1289
  Die Spanier begannen die Kolonisierungszeit die 3hunderte andauerte.
/data/local/tmp/starling-issue-batch/fleurs-validation/de_de_validation_297.wav run=0 audio=12.00s time=1530.5ms rtf=0.1275
  Einige Patienten, haben sich möglicherweise im Krankenhaus mit dem Erreger angesteckt, mein Doktor, und mindestens zwei waren medizinische Krankenhaus angestellte.
/data/local/tmp/starling-issue-batch/fleurs-validation/de_de_validation_298.wav run=0 audio=4.68s time=690.7ms rtf=0.1476
  Die ersten Fälle der Krankheit dieser Saison wurden Ende Juli gemeldet.
/data/local/tmp/starling-issue-batch/fleurs-validation/de_de_validation_299.wav run=0 audio=5.64s time=932.6ms rtf=0.1654
  Die osafrikanischen Inseln befinden sich im Indischen Ozean vor der Ostküste Afrikas.
/data/local/tmp/starling-issue-batch/fleurs-validation/de_de_validation_3.wav run=0 audio=12.36s time=1502.5ms rtf=0.1216
  Die Wissenschaft weist nun darauf hin, dass diese massive Kohlenstoffwirtschaft die Biosphäre aus einem ihrer stabilen Zustände, der die menschliche Evolution in den letzten zwei Millionen Jahren getragen hat, herausgebracht hat.
/data/local/tmp/starling-issue-batch/fleurs-validation/de_de_validation_30.wav run=0 audio=9.72s time=1139.5ms rtf=0.1172
  Die meisten Bezirke werden durch kleine japanische Coosterbusse befahren, die gemütlich und stabil sind.
/data/local/tmp/starling-issue-batch/fleurs-validation/de_de_validation_31.wav run=0 audio=12.96s time=1697.8ms rtf=0.1310
  Die dargestellten Ansichten sind oft oberflächlich allgemein und im Vergleich zu den detaillieren Informationen, die anderswo zu finden sind, zu stark vereinfacht.
/data/local/tmp/starling-issue-batch/fleurs-validation/de_de_validation_32.wav run=0 audio=26.10s time=2897.6ms rtf=0.1110
  Virtuelle Exkursionen stellen eine technische Lösung dar. Die Schüler können vom Klassenzimmer aus Museumsstücke betrachten, ein Aquarium besuchen oder schöne Kunstwerke bewundern.
/data/local/tmp/starling-issue-batch/fleurs-validation/de_de_validation_33.wav run=0 audio=5.64s time=873.7ms rtf=0.1549
  Es ist Mattelles fünfte CEP innerhalb von vier Jahren.
/data/local/tmp/starling-issue-batch/fleurs-validation/de_de_validation_34.wav run=0 audio=13.02s time=1801.4ms rtf=0.1384
  Das Hauptziel der Wissenschaft ist es, mit Hilfe der wissenschaftlichen Methode herauszufinden, wie die Welt funktioniert. Diese Methode ist in der Tat die Basis der meisten wissenschaftlichen Untersuchungen.
/data/local/tmp/starling-issue-batch/fleurs-validation/de_de_validation_35.wav run=0 audio=7.80s time=1153.6ms rtf=0.1479
  Nach dem Erlebnis der Schrecken und Gröltaten im ersten Weltkrieg wollten die Nationen eine weitere solche Situation in der Zukunft vermeiden.
/data/local/tmp/starling-issue-batch/fleurs-validation/de_de_validation_36.wav run=0 audio=15.12s time=1759.1ms rtf=0.1163
  Es lohnt sich, eine halbe Stunde durch das faszinierende Dorf zu bummeln.
/data/local/tmp/starling-issue-batch/fleurs-validation/de_de_validation_37.wav run=0 audio=13.92s time=1712.0ms rtf=0.1230
  Wissenschaftler sagen, dass das Gefieder dieses Tieres auf der Oberseite Kastanienbraun und auf der Unterseite hell oder Karotte farben war.
/data/local/tmp/starling-issue-batch/fleurs-validation/de_de_validation_38.wav run=0 audio=12.72s time=1538.2ms rtf=0.1209
  Es gibt eine Menge soziale und politischer Effekte wie die Nutzung des märischen Systems, eine Abwendung vom Absolutismus hin zum Republikanismus und Nationalismus, sowie der Glaube, dass das Land im Volk gehört und nicht einem Herrscher alleint.
/data/local/tmp/starling-issue-batch/fleurs-validation/de_de_validation_39.wav run=0 audio=28.02s time=2851.0ms rtf=0.1018
  Dieses neue Umfeld hat andere Ressourcen und andere Konkurrenten, so dass die neue Bevölkerung andere Merkmale oder Anpassungen benötigt, um ein starker Konkurrent zu sein, als das, was sie vorher gebraucht hat.
/data/local/tmp/starling-issue-batch/fleurs-validation/de_de_validation_4.wav run=0 audio=15.48s time=1892.0ms rtf=0.1222
  Ein Kurs deckt alle hier diskutierten Probleme in der Regel viel detaillierter ab, normalerweise in Kombination mit praktischer Erfahrung.
/data/local/tmp/starling-issue-batch/fleurs-validation/de_de_validation_40.wav run=0 audio=20.58s time=2200.7ms rtf=0.1069
  Die ursprüngliche Population hat sich überhaupt nicht verändert. Sie braucht noch immer dieselben Anpassungen wie zuvor.
/data/local/tmp/starling-issue-batch/fleurs-validation/de_de_validation_41.wav run=0 audio=8.58s time=1052.2ms rtf=0.1226
  Drei weitere Bomben detonierten binnen zwei Stunden unweit von Regierungsgebäuden.
/data/local/tmp/starling-issue-batch/fleurs-validation/de_de_validation_42.wav run=0 audio=10.44s time=1482.5ms rtf=0.1420
  Ich weiß nicht, ob Sie das wussten, aber die meisten Waren aus Mittelamerika kamen zollfrei in unser Land.
/data/local/tmp/starling-issue-batch/fleurs-validation/de_de_validation_43.wav run=0 audio=15.36s time=1909.9ms rtf=0.1243
  Die marokinische Küche basiert wie die in ähnlichen Gebieten des Mittelmeers auf Brot, Gemüse und Fleisch, insbesondere Schweinefleisch, und verwendet stets Olivenöl.
/data/local/tmp/starling-issue-batch/fleurs-validation/de_de_validation_44.wav run=0 audio=10.56s time=1527.9ms rtf=0.1447
  Forschung im Bereich KI umfasst die Herstellung von Maschinen zur Automatisierung von Aufgaben, die intelligentes Verhalten erfordern.
/data/local/tmp/starling-issue-batch/fleurs-validation/de_de_validation_45.wav run=0 audio=10.38s time=1465.2ms rtf=0.1412
  Aufgrund der großen Entfernung vom Kontinent waren Säugetiere nicht in der Lage, die Reise anzutreten, was die Riesenschildkröte zum Hauptweitier auf den Galápagos-Inseln machte.
/data/local/tmp/starling-issue-batch/fleurs-validation/de_de_validation_46.wav run=0 audio=14.52s time=1730.1ms rtf=0.1192
  Diese Kombination mit seiner relativen Unzugänglichkeit hat Timbuktu zu einer Metapher für exotische Ferne Länder werden lassen.
/data/local/tmp/starling-issue-batch/fleurs-validation/de_de_validation_47.wav run=0 audio=13.44s time=1588.0ms rtf=0.1182
  Bevor eine Organisation innovativ sein kann, muss die Führung eine Kultur der Innovation sowie des geteilten Wissens und des organisatorischen Lernens entwickeln.
/data/local/tmp/starling-issue-batch/fleurs-validation/de_de_validation_48.wav run=0 audio=4.98s time=700.3ms rtf=0.1406
  Im Land Kanaan gab es keine großen Wälder, so dass Holz extrem teuer war.
/data/local/tmp/starling-issue-batch/fleurs-validation/de_de_validation_49.wav run=0 audio=14.88s time=1740.1ms rtf=0.1169
  Der tibhetanische Buddhismus, basiert auf den leeren Buddhas, wurde aber um den Fash der Liebe des Mahayana, und zahlreiche Techniken des indischen Yoga erweitert.
/data/local/tmp/starling-issue-batch/fleurs-validation/de_de_validation_5.wav run=0 audio=6.66s time=946.5ms rtf=0.1421
  Handgefertigte Produkte können als antik bezeichnet werden, obwohl sie jünger als ähnliche Erzeugnisse aus Massenproduktion sind.
/data/local/tmp/starling-issue-batch/fleurs-validation/de_de_validation_50.wav run=0 audio=9.12s time=1140.4ms rtf=0.1250
  Im Prinzip ist der tibitanische Buddhismus sehr einfach. Er besteht aus Konhalini, Yoga, Meditation und dem Vater der allumfassenden Liebe.
/data/local/tmp/starling-issue-batch/fleurs-validation/de_de_validation_51.wav run=0 audio=11.52s time=1583.6ms rtf=0.1375
  Einige Patienten haben sich möglicherweise im Krankenhaus mit erreger angestellt, mein Doktor Mul, und mindestens zwei waren medizinische Krankenhausangestellte.
/data/local/tmp/starling-issue-batch/fleurs-validation/de_de_validation_52.wav run=0 audio=10.20s time=1199.8ms rtf=0.1176
  Der Kruga National Park KNP liegt im Nordosten von Südafrika, er grenzt im Osten an Musambik, im Norden an Zimbabwe und im Süden an die Crocodile River.
/data/local/tmp/starling-issue-batch/fleurs-validation/de_de_validation_53.wav run=0 audio=10.86s time=1564.6ms rtf=0.1441
  Außerdem verfügen einige Sättel, insbesondere englische Sättel über Sicherheitsbügel, die es ermöglichen, dass ein Steigbügelriben vom Sattelfell, sobald er von einem stürzenden Reiter nach hinten gezogen wird.
/data/local/tmp/starling-issue-batch/fleurs-validation/de_de_validation_54.wav run=0 audio=13.38s time=1708.5ms rtf=0.1277
  Der Satellit im Weltraum empfängt den Anruf und refekiert ihn dann sofort zurück nach Unten.
/data/local/tmp/starling-issue-batch/fleurs-validation/de_de_validation_55.wav run=0 audio=5.22s time=904.1ms rtf=0.1732
  Das Ergebnis der Plotting-Analyse wird auf einer öffentlichen Webseite publiziert.
/data/local/tmp/starling-issue-batch/fleurs-validation/de_de_validation_56.wav run=0 audio=7.32s time=936.7ms rtf=0.1280
  Dies in Kombination mit seiner relativen Unzugänglichkeit hat dem Buchtu zu einer Metapher für exotische Fernländer werden lassen.
/data/local/tmp/starling-issue-batch/fleurs-validation/de_de_validation_57.wav run=0 audio=12.18s time=1530.5ms rtf=0.1257
  Zu Beginn war die Kleidungsstark von der Kultur Bisands im Osten geprägt.
/data/local/tmp/starling-issue-batch/fleurs-validation/de_de_validation_58.wav run=0 audio=11.82s time=2911.3ms rtf=0.2463
  Die marokinische Küche basiert wie die in ähnlichen Gebieten des Mittelmeers: auf Brot, Gemüse und Fleisch, insbesondere Schweinfleisch, und verwendet stets Olivenöl.
/data/local/tmp/starling-issue-batch/fleurs-validation/de_de_validation_59.wav run=0 audio=15.00s time=1685.2ms rtf=0.1123
  Bevor eine Organisation innovativ sein kann, muss die Führung eine Kultur der Innovation, sowie des geteilten Wissens und des organisatorischen Lernens entwickeln.
/data/local/tmp/starling-issue-batch/fleurs-validation/de_de_validation_6.wav run=0 audio=5.40s time=1177.4ms rtf=0.2180
  Das erschien mir nicht sinnvoll. Es war ganz gewiss nicht fair.
/data/local/tmp/starling-issue-batch/fleurs-validation/de_de_validation_60.wav run=0 audio=22.44s time=2324.5ms rtf=0.1036
  Die Struktur der Federn lässt vermuten, dass sie nicht zum Fliegen, sondern eher zur Temperaturregulierung oder zum Herzeigen verwendet wurden. Die Forscher vermuteten, dass die Probe, obwohl es sich um den Schwanz eines jungen Dinosauriers handelt, dass die Fieder eines Ausgewachsenen zeigt und nicht die Daunen eines Kückens.
/data/local/tmp/starling-issue-batch/fleurs-validation/de_de_validation_61.wav run=0 audio=7.32s time=932.9ms rtf=0.1274
  Viele übliche Formate die APS-Formatfamilie zum Beispiel haben genau dasselbe oder ein sehr ähnliches Zeitenverhältnis.
/data/local/tmp/starling-issue-batch/fleurs-validation/de_de_validation_62.wav run=0 audio=10.26s time=1507.8ms rtf=0.1470
  Skifahren ist eine beliebte Reisetätigkeit mit vielen Enthusiasten gelegentlich auch als Skipender bekannt, die ihren gesamten Urlaub rund um das Skifahren an einem bestimmten Ort planen.
/data/local/tmp/starling-issue-batch/fleurs-validation/de_de_validation_63.wav run=0 audio=9.48s time=1145.7ms rtf=0.1209
  Als er nach einem Kommentar gefragt wurde, sagte Miller, Mike spricht sehr viel während der Anhörung. Ich habe mich vorbereitet und könnte daher nicht richtig hören, was er sagte.
/data/local/tmp/starling-issue-batch/fleurs-validation/de_de_validation_64.wav run=0 audio=10.02s time=1110.4ms rtf=0.1108
  Eine immer beliebtere Option für Menschen, die planen, ein Jahr aus Zeit zu nehmen, sind Studien und Kursangebote im Ausland.
/data/local/tmp/starling-issue-batch/fleurs-validation/de_de_validation_65.wav run=0 audio=17.64s time=1948.7ms rtf=0.1105
  Eine immer beliebtere Option für Menschen, die planen, ein Jahr-Aues-Zeit zu nehmen, sind Student-Kursangebote im Ausland.
/data/local/tmp/starling-issue-batch/fleurs-validation/de_de_validation_66.wav run=0 audio=14.16s time=1733.9ms rtf=0.1225
  Die Wälder sind jedoch nicht nur Mangrovensümpfe, sie umfassen auch einige der letzten verbliebenen Bestände des mächtigen Dschungels, der einst die Gangesebene bedeckte.
/data/local/tmp/starling-issue-batch/fleurs-validation/de_de_validation_67.wav run=0 audio=8.52s time=1186.4ms rtf=0.1392
  Flugunfälle sind im Iran, der über eine veraltete Flotte verfügt, die sowohl für zivile als auch für militärische Einsätze schlecht gewartet wird häufig.
/data/local/tmp/starling-issue-batch/fleurs-validation/de_de_validation_68.wav run=0 audio=7.92s time=1196.3ms rtf=0.1510
  Diese Theorien legen nahe, dass Menschen bestimmte Bedürfnisse und oder Wünsche haben, die im Laufe ihres erwachsenwertens verinnerlicht werden.
/data/local/tmp/starling-issue-batch/fleurs-validation/de_de_validation_69.wav run=0 audio=6.36s time=885.8ms rtf=0.1393
  Egypte im antiken Neuen Reich bestaun die Monumente ihrer Vorfahren, die damals gut tausend Jahre alt waren.
/data/local/tmp/starling-issue-batch/fleurs-validation/de_de_validation_7.wav run=0 audio=9.42s time=1225.7ms rtf=0.1301
  Die lokalen Behörden ermahnen die Einwohner in der Nähe der Anlage dazu, sich innerhalb von Gebäuden aufzuhalten, Klimaanlagen auszuschalten und kein Leitungswasser zu trinken.
/data/local/tmp/starling-issue-batch/fleurs-validation/de_de_validation_70.wav run=0 audio=10.50s time=1583.9ms rtf=0.1509
  Mit der Zeit beginnt sich die neue Population an ihre neue Umgebung anzupassen, und dann sieht sie in der anderen Population immer weniger ähnlich.
/data/local/tmp/starling-issue-batch/fleurs-validation/de_de_validation_71.wav run=0 audio=17.22s time=2021.2ms rtf=0.1174
  Auch wenn die Bezeichnung Zigeuner vor allem von Nicht-Roma verbreitet verwendet wird, wird sie oftmals als beleidigend aufgefasst, damit ihr negative Stereotype und eine ungenaue Wahrnehmung der Roma astituiert wird.
/data/local/tmp/starling-issue-batch/fleurs-validation/de_de_validation_72.wav run=0 audio=7.44s time=1016.8ms rtf=0.1367
  Naturwissenschaftler und Philosophen konzentrieren sich auf klassische Texte und dabei besonders auf die Bibel in lateinischer Sprache.
/data/local/tmp/starling-issue-batch/fleurs-validation/de_de_validation_73.wav run=0 audio=16.86s time=2099.4ms rtf=0.1245
  Ein Cörie kann abhängig von der Flüssigkeitsmenge entweder trocken oder feucht sein.
/data/local/tmp/starling-issue-batch/fleurs-validation/de_de_validation_74.wav run=0 audio=5.76s time=918.8ms rtf=0.1595
  Die meisten Bezirke werden durch kleine japanische Kosterbusse befahren, die gemütlich und stabil sind.
/data/local/tmp/starling-issue-batch/fleurs-validation/de_de_validation_75.wav run=0 audio=6.12s time=944.3ms rtf=0.1543
  Die Araber brauchten auf dem Islam ins Land und auf den Komoren und im Majorta waren sehr erfolgreich.
/data/local/tmp/starling-issue-batch/fleurs-validation/de_de_validation_76.wav run=0 audio=6.90s time=950.7ms rtf=0.1378
  Auf einem hundertfuß langen Teilabschnitt läuft Wasser über den Daum.
/data/local/tmp/starling-issue-batch/fleurs-validation/de_de_validation_77.wav run=0 audio=8.52s time=1146.8ms rtf=0.1346
  In Japan wurden die ersten Kirsch-Blütenfeste vom Kaiser, nur für sich selbst und andere Adelsangehörige im Umfeld des kaiserlichen Hofs abgehalten.
/data/local/tmp/starling-issue-batch/fleurs-validation/de_de_validation_78.wav run=0 audio=19.80s time=2151.1ms rtf=0.1086
  Beispiele für Aktivitäten vor Ort sind Jagen, Angeln, Fotografie, Vorgeldbeobachtung, der Besuch von Parks und das Lernen von Informationen über das Ökosystem.
/data/local/tmp/starling-issue-batch/fleurs-validation/de_de_validation_79.wav run=0 audio=5.16s time=865.3ms rtf=0.1677
  Drei weitere Bomben detonierten binnen zwei Stunden unweit von Regierungsgebäuden.
/data/local/tmp/starling-issue-batch/fleurs-validation/de_de_validation_8.wav run=0 audio=14.04s time=1673.9ms rtf=0.1192
  Auf vereisten und verschneiten Straßen ist die Haftung gering und man kann nicht fahren, als befindet man sich auf nackem Asphalt.
/data/local/tmp/starling-issue-batch/fleurs-validation/de_de_validation_80.wav run=0 audio=3.84s time=826.2ms rtf=0.2152
  Er sagte, dass er eine VLAN Türklinger gebaut habe.
/data/local/tmp/starling-issue-batch/fleurs-validation/de_de_validation_81.wav run=0 audio=9.30s time=1293.3ms rtf=0.1391
  Da Studenten häufig ein sehr kritisches Publikum sind, gibt sich der Blockaut Mühe, seinen Schreibstil zu verbessern und Kritik zu vermeiden.
/data/local/tmp/starling-issue-batch/fleurs-validation/de_de_validation_82.wav run=0 audio=16.26s time=1889.5ms rtf=0.1162
  Der ehemalige Sprecher des Repräsentantenhauses Newt Gingrich, der texanische Gouverneur Rick Perry und die Kongressabgeordnete Michael Barman erreichten jeweils den vierten, fünften und sechsten Platz.
/data/local/tmp/starling-issue-batch/fleurs-validation/de_de_validation_83.wav run=0 audio=8.76s time=1167.1ms rtf=0.1332
  In diesem dynamischen Pendelverkehr sind alle in gewisser Weise mit einem Transportsystem verbunden, das auf dem privaten PKW basiert und unterstützen ist.
/data/local/tmp/starling-issue-batch/fleurs-validation/de_de_validation_84.wav run=0 audio=11.58s time=1467.9ms rtf=0.1268
  Jegliche Änderungen oder Anfragen sollen jedoch zuerst an das Reisebüro und nicht direkt an das Hotel gerichtet werden.
/data/local/tmp/starling-issue-batch/fleurs-validation/de_de_validation_85.wav run=0 audio=10.68s time=1471.5ms rtf=0.1378
  Sie können die Pyramiden in der Dunkelheit sehen, und während es still ist, ehe die Show beginnt.
/data/local/tmp/starling-issue-batch/fleurs-validation/de_de_validation_86.wav run=0 audio=17.28s time=2009.1ms rtf=0.1163
  Da Auckland sich über zwei Häfen erstreckt, gibt es viele Strände. Die beliebtesten Strände befinden sich in drei Gebieten.
/data/local/tmp/starling-issue-batch/fleurs-validation/de_de_validation_87.wav run=0 audio=19.38s time=2120.1ms rtf=0.1094
  Ihr erstes war das Lalom, bei dem sie in ihrem ersten Lauf ein Didnard Finis erhielt. 36 der 116 Teilnehmer erzielten in diesem Rennen das gleiche Ergebnis.
/data/local/tmp/starling-issue-batch/fleurs-validation/de_de_validation_88.wav run=0 audio=8.40s time=1126.3ms rtf=0.1341
  Das erschien mir nicht sinnvoll. Es war ganz gewiss nicht fair.
/data/local/tmp/starling-issue-batch/fleurs-validation/de_de_validation_89.wav run=0 audio=15.60s time=1925.2ms rtf=0.1234
  Laut Polizei wird der Fahrer des Fazeugs, das den Fotografen angefahren hat, wahrscheinlich nicht angeklagt werden.
/data/local/tmp/starling-issue-batch/fleurs-validation/de_de_validation_9.wav run=0 audio=5.40s time=862.9ms rtf=0.1598
  Drei weitere Bomben detonierten binnen zwei Stunden unweit von Regierungsgebäuden.
/data/local/tmp/starling-issue-batch/fleurs-validation/de_de_validation_90.wav run=0 audio=7.98s time=1198.5ms rtf=0.1502
  Einige Tiere wie Elefanten und Giraffen neigten dazu, sich dicht an Autos anzunähern, und die Standardausrüstung ermöglicht eine gute Sicht.
/data/local/tmp/starling-issue-batch/fleurs-validation/de_de_validation_91.wav run=0 audio=11.28s time=1531.0ms rtf=0.1357
  Die Wissenschaft weist nun darauf hin, dass diese massive Kohlenstoffwirtschaft die Biosphäre aus einem ihrer stabilen Zustände, der die menschliche Evolution in den letzten zwei Millionen Jahren getragen hat, herausgebracht hat.
/data/local/tmp/starling-issue-batch/fleurs-validation/de_de_validation_92.wav run=0 audio=7.44s time=936.7ms rtf=0.1259
  Solche Dinge sind zu eigenständigen Disziplinen geworden, die sich darauf konzentrieren, lösung für Probleme des wirklichen Lebens zu finden.
/data/local/tmp/starling-issue-batch/fleurs-validation/de_de_validation_93.wav run=0 audio=10.74s time=1471.3ms rtf=0.1370
  Da pro Tag nur 18 Medaillen zur Verfügung stehen, hat es eine Anzahl an Ländern nicht auf das Podium geschafft.
/data/local/tmp/starling-issue-batch/fleurs-validation/de_de_validation_94.wav run=0 audio=7.08s time=1020.8ms rtf=0.1442
  Japan besitzt an den 7000 Inseln, von denen Honshu die größte ist, womit Japan die siebtegrößte Insel der Welt ist.
/data/local/tmp/starling-issue-batch/fleurs-validation/de_de_validation_95.wav run=0 audio=34.62s time=3793.0ms rtf=0.1096
  Die jawanische Küche, die heute überall auf der Inselgruppe verbreitet ist, bietet eine Vielzahl von einfach gewürzten Gerichten. Als Geschmaxträger bevorzugen die Javana dabei Erdnüsse, Chilis, Zucker, besonders jawanische Kokosblütenzucker und eine Reihe von aromatischen Gewürzen.
/data/local/tmp/starling-issue-batch/fleurs-validation/de_de_validation_96.wav run=0 audio=16.32s time=1848.6ms rtf=0.1133
  Mit der Zeit beginnt sich die neue Population an ihre neue Umgebung anzupassen, und dann sieht sie der anderen Populationen immer weniger ähnlich.
/data/local/tmp/starling-issue-batch/fleurs-validation/de_de_validation_97.wav run=0 audio=15.12s time=1668.5ms rtf=0.1104
  Flugunfälle sind im Iran, der über eine veraltete Flotte verfügt, die sowohl für zivile als auch für militärische Einsätze schlecht gewartet wird, häufig.
/data/local/tmp/starling-issue-batch/fleurs-validation/de_de_validation_98.wav run=0 audio=13.26s time=1680.2ms rtf=0.1267
  Bitte behandeln Sie diese Städte mit der Würde, der Ehrfurcht und dem Respekt, die Ihr Gebühren. Machen Sie keine Witze über den Holocaust oder die Nazis.
/data/local/tmp/starling-issue-batch/fleurs-validation/de_de_validation_99.wav run=0 audio=8.64s time=1163.4ms rtf=0.1347
  Zu Beginn war die Kleidung stark von der Kultur bizangs im Osten geprägt.
/data/local/tmp/starling-issue-batch/fleurs-validation/en_us_validation_0.wav run=0 audio=6.54s time=898.6ms rtf=0.1374
  When you call someone who is thousands of miles away, you are using a satellite.
/data/local/tmp/starling-issue-batch/fleurs-validation/en_us_validation_1.wav run=0 audio=16.38s time=1912.8ms rtf=0.1168
  Now widely available throughout the archipelago, Japanese cuisines features in a ray of simply seasoned dishes. The predominant flavorings, the Japanese favor being peanuts chilies, sugar, especially Japanese coconut sugar, and various aromatic spices.
/data/local/tmp/starling-issue-batch/fleurs-validation/en_us_validation_10.wav run=0 audio=7.32s time=1032.6ms rtf=0.1411
  As soon as you get out of the current, swimming back is no more difficult than normally.
/data/local/tmp/starling-issue-batch/fleurs-validation/en_us_validation_100.wav run=0 audio=3.96s time=768.2ms rtf=0.1940
  That didn't seem to make sense to me, it certainly wasn't fair.
/data/local/tmp/starling-issue-batch/fleurs-validation/en_us_validation_101.wav run=0 audio=13.68s time=1734.0ms rtf=0.1268
  Out of 1,400 people polled prior to the 2010 federal election, those who oppose Australia becoming a republic grew by 8% since 2008.
/data/local/tmp/starling-issue-batch/fleurs-validation/en_us_validation_102.wav run=0 audio=11.94s time=1602.1ms rtf=0.1342
  Bush spokesman Gordon Jeandro called North Korea's pledge a major step towards the goal of achieving the verifiable denuclearization of the Korean Peninsula.
/data/local/tmp/starling-issue-batch/fleurs-validation/en_us_validation_103.wav run=0 audio=7.64s time=958.7ms rtf=0.1255
  You can see the pyramids in the dark, and you can see them in silence before the show begins.
/data/local/tmp/starling-issue-batch/fleurs-validation/en_us_validation_104.wav run=0 audio=10.02s time=1275.0ms rtf=0.1272
  The Diputan Buddhism is based on the teachings of Buddha, but were extended by the Maharana path of love and by a lot of techniques from Indian yoga.
/data/local/tmp/starling-issue-batch/fleurs-validation/en_us_validation_105.wav run=0 audio=9.00s time=1175.2ms rtf=0.1306
  Most districts are served by small Japanese coaster buses which are comfortable and sturdy.
/data/local/tmp/starling-issue-batch/fleurs-validation/en_us_validation_106.wav run=0 audio=13.46s time=1717.6ms rtf=0.1276
  Air accidents are common in Iran which has an aging fleet that is poorly maintained both for civil and military operations.
/data/local/tmp/starling-issue-batch/fleurs-validation/en_us_validation_107.wav run=0 audio=9.60s time=1191.4ms rtf=0.1241
  Naturalists and philosophers focus on classical text and, in particular, on the Bible and land.
/data/local/tmp/starling-issue-batch/fleurs-validation/en_us_validation_108.wav run=0 audio=12.48s time=1542.5ms rtf=0.1236
  The northern part or Centinal Rang has Antarctica's highest mountains, the Vincent Masi, peaking at 48 mount Vincent.
/data/local/tmp/starling-issue-batch/fleurs-validation/en_us_validation_109.wav run=0 audio=15.48s time=1916.3ms rtf=0.1238
  The broad boulevards, glass printed buildings, and modern shopping centers are dead with traditional red tile roofs, the 19th century markant, and old mosques and churches, although the city has an atmosphere more of Mediterranean Europe than traditional Turkey.
/data/local/tmp/starling-issue-batch/fleurs-validation/en_us_validation_11.wav run=0 audio=8.16s time=1156.4ms rtf=0.1417
  Local authorities are warning residents in the vicinity of the plant to stay indoors, turn off air conditioners, and not to drink tap water.
/data/local/tmp/starling-issue-batch/fleurs-validation/en_us_validation_110.wav run=0 audio=13.08s time=1733.3ms rtf=0.1325
  In principle, the Tibetan Buddhism is very simple. It consists of Khandolini Yoga, meditation, and the path of all-embracing love.
/data/local/tmp/starling-issue-batch/fleurs-validation/en_us_validation_111.wav run=0 audio=9.92s time=1171.0ms rtf=0.1180
  New kingdom ancient Egyptians marbled at their predecessor monuments which were zen well over a thousand years old.
/data/local/tmp/starling-issue-batch/fleurs-validation/en_us_validation_112.wav run=0 audio=7.92s time=1134.2ms rtf=0.1432
  The park covers 19,500 km and is divided in 14 different ecozones each supporting different wildlife.
/data/local/tmp/starling-issue-batch/fleurs-validation/en_us_validation_113.wav run=0 audio=8.40s time=1162.1ms rtf=0.1383
  Members of a subculture often signal their membership through a distinctive and symbolic use of style, which includes fashions, mannerism, and argot.
/data/local/tmp/starling-issue-batch/fleurs-validation/en_us_validation_114.wav run=0 audio=6.24s time=875.6ms rtf=0.1403
  Then Lakersin took the lead in singing the Bajans.
/data/local/tmp/starling-issue-batch/fleurs-validation/en_us_validation_115.wav run=0 audio=5.10s time=844.1ms rtf=0.1655
  Inland waterways can be a good theme to base a holiday around.
/data/local/tmp/starling-issue-batch/fleurs-validation/en_us_validation_116.wav run=0 audio=10.80s time=1620.0ms rtf=0.1500
  This new environment has different resources and different competitors, so the new population will need different features or adaptations to be a strong competitor than what they had needed before.
/data/local/tmp/starling-issue-batch/fleurs-validation/en_us_validation_117.wav run=0 audio=10.56s time=1671.6ms rtf=0.1583
  Major cuisine, like that of similar zones in the Mediterranean, is based on bread vegetables and meat, specifically pork and uses olive oil throughout.
/data/local/tmp/starling-issue-batch/fleurs-validation/en_us_validation_118.wav run=0 audio=10.56s time=1440.7ms rtf=0.1364
  Since students are often the most critical audience, the blog writer begins to strive to improve writing to avoid criticism.
/data/local/tmp/starling-issue-batch/fleurs-validation/en_us_validation_119.wav run=0 audio=9.24s time=1109.6ms rtf=0.1201
  I lost my sister and her friend, and on my way there were two disabled people in wheelchairs, people just jumping over and pushing them, Aman Versace said.
/data/local/tmp/starling-issue-batch/fleurs-validation/en_us_validation_12.wav run=0 audio=7.08s time=971.4ms rtf=0.1372
  However, most signs are indicated only in Kataland because it is established by law as the first official language.
/data/local/tmp/starling-issue-batch/fleurs-validation/en_us_validation_120.wav run=0 audio=11.86s time=1482.9ms rtf=0.1250
  Combined with its relative inaccessibility, Timbuktu has come to be used as a metaphor for exotic distant lands.
/data/local/tmp/starling-issue-batch/fleurs-validation/en_us_validation_121.wav run=0 audio=11.46s time=1485.2ms rtf=0.1296
  The main local beer is number one. It is not a complex beer but pleasant and refreshing. The other local beer is called bantra.
/data/local/tmp/starling-issue-batch/fleurs-validation/en_us_validation_122.wav run=0 audio=13.88s time=1682.3ms rtf=0.1212
  The articles required unanimous consent from all the states before they could be amended, and states took the central government so lightly that their representatives are often absent.
/data/local/tmp/starling-issue-batch/fleurs-validation/en_us_validation_123.wav run=0 audio=3.96s time=739.2ms rtf=0.1867
  Also the life of the Feedup family opened in the year.
/data/local/tmp/starling-issue-batch/fleurs-validation/en_us_validation_124.wav run=0 audio=5.76s time=832.6ms rtf=0.1445
  The patient had been to my Nigeria where some cases of the Gola virus have occurred.
/data/local/tmp/starling-issue-batch/fleurs-validation/en_us_validation_125.wav run=0 audio=9.36s time=1151.4ms rtf=0.1230
  Many formats APS family of formats, for example, are equal to or closely approximate to this aspect ratio.
/data/local/tmp/starling-issue-batch/fleurs-validation/en_us_validation_126.wav run=0 audio=10.32s time=1514.9ms rtf=0.1468
  We came to this conclusion due to the multitude of positive comments and encouragements sent to her by both female and male individuals urging that contraception medication be considered a medical necessity.
/data/local/tmp/starling-issue-batch/fleurs-validation/en_us_validation_127.wav run=0 audio=19.00s time=2098.0ms rtf=0.1104
  In a partnership of MPWS and the Sporting Shooters Asociation of Australia Incorporated, qualified volunteers were recruited under the Sporting Shooters hunting program.
/data/local/tmp/starling-issue-batch/fleurs-validation/en_us_validation_128.wav run=0 audio=15.30s time=1752.8ms rtf=0.1146
  When the fighting ceased after the wounded were transported to the hospital, about 40 of the other remaining inmates stayed in the yard and refused to return to their cells.
/data/local/tmp/starling-issue-batch/fleurs-validation/en_us_validation_129.wav run=0 audio=9.12s time=1151.2ms rtf=0.1262
  Japan's holds nearly 7,000 islands, the biggest being hams making Japan the seventh larger island in the world.
/data/local/tmp/starling-issue-batch/fleurs-validation/en_us_validation_13.wav run=0 audio=7.54s time=935.5ms rtf=0.1241
  Although 3 people were inside the house when the car impacted it, none of them were hurt.
/data/local/tmp/starling-issue-batch/fleurs-validation/en_us_validation_130.wav run=0 audio=8.04s time=1150.9ms rtf=0.1431
  When you went abroad at first, people were probably patient and understanding, knowing that travelers in a new country need to adapt.
/data/local/tmp/starling-issue-batch/fleurs-validation/en_us_validation_131.wav run=0 audio=14.52s time=1729.5ms rtf=0.1191
  Technology offers the solution with virtual field trips. Students can look at museum artifacts, visit an aquarium, or admire beautiful art while sitting with their class.
/data/local/tmp/starling-issue-batch/fleurs-validation/en_us_validation_132.wav run=0 audio=14.34s time=1721.6ms rtf=0.1201
  Arlie The Lasquez of Mexico finished 15th in the men's sitting super G. New Zealand's Adam Hall finished ninth in the men's standing super G.
/data/local/tmp/starling-issue-batch/fleurs-validation/en_us_validation_133.wav run=0 audio=5.88s time=916.8ms rtf=0.1559
  Pronunciation is relatively easy in Italian since most words are pronounced exactly how they are written.
/data/local/tmp/starling-issue-batch/fleurs-validation/en_us_validation_134.wav run=0 audio=7.80s time=1136.0ms rtf=0.1456
  Money can be exchanged at the only bank in the islands, which is located in Stanley, across from the FIC West store.
/data/local/tmp/starling-issue-batch/fleurs-validation/en_us_validation_135.wav run=0 audio=4.98s time=701.8ms rtf=0.1409
  Police said that the body appeared to have been there for about a day.
/data/local/tmp/starling-issue-batch/fleurs-validation/en_us_validation_136.wav run=0 audio=10.62s time=1555.5ms rtf=0.1465
  Before an organization can be innovative, leadership must create a culture of innovation as well as shared knowledge and organizational learning.
/data/local/tmp/starling-issue-batch/fleurs-validation/en_us_validation_137.wav run=0 audio=10.20s time=1171.8ms rtf=0.1149
  The forests aren't just mangrove swamps though they include some of the last remaining stands of the mighty jungles, which once covered the gangplain.
/data/local/tmp/starling-issue-batch/fleurs-validation/en_us_validation_138.wav run=0 audio=11.30s time=1398.8ms rtf=0.1238
  Scientists think that oxolots follow and find animals to eat, prey by smell sniffing for where they've been on the ground.
/data/local/tmp/starling-issue-batch/fleurs-validation/en_us_validation_139.wav run=0 audio=13.42s time=1625.7ms rtf=0.1211
  The Krugger National Park lies in the northeast of South Africa and runs along the border of Mozambique in the east.
/data/local/tmp/starling-issue-batch/fleurs-validation/en_us_validation_14.wav run=0 audio=10.06s time=1172.0ms rtf=0.1165
  These theories suggest that people have certain needs and/or desires which have been internalized as they mature to adulthood.
/data/local/tmp/starling-issue-batch/fleurs-validation/en_us_validation_140.wav run=0 audio=15.78s time=1896.0ms rtf=0.1201
  It uses satellite based technology as opposed to older ground radar based technology to allow air traffic controllers to pinpoint aircraft with greater precision and give pilots more accurate information.
/data/local/tmp/starling-issue-batch/fleurs-validation/en_us_validation_141.wav run=0 audio=10.14s time=1195.4ms rtf=0.1179
  The Olympic gold medalist was due to swim in the 100m and 200 meter freestyle and in three relays at the Commonwealth Games, but due to his complaints, his fitness had been in doubt.
/data/local/tmp/starling-issue-batch/fleurs-validation/en_us_validation_142.wav run=0 audio=10.22s time=1155.0ms rtf=0.1130
  The final score was a one-point victory 21-20, ending the All Blacks 15 game winning stream.
/data/local/tmp/starling-issue-batch/fleurs-validation/en_us_validation_143.wav run=0 audio=12.26s time=1424.0ms rtf=0.1161
  are equal to or closely approximate this aspect ratio.
/data/local/tmp/starling-issue-batch/fleurs-validation/en_us_validation_144.wav run=0 audio=11.28s time=1507.5ms rtf=0.1336
  When you went abroad at first, people were probably patient and understanding, knowing that travelers in a new country need to adapt.
/data/local/tmp/starling-issue-batch/fleurs-validation/en_us_validation_145.wav run=0 audio=12.84s time=1682.0ms rtf=0.1310
  Insects were the first animals to take to the air. Their ability to fly helped them evade enemies more easily and find food and mates more efficiently.
/data/local/tmp/starling-issue-batch/fleurs-validation/en_us_validation_146.wav run=0 audio=11.40s time=1544.6ms rtf=0.1355
  Across the United States of America, there are approximately 400,000 known cases of multiple sclerosis MS leaving it as the leading neurological disease in younger and middle aged adults.
/data/local/tmp/starling-issue-batch/fleurs-validation/en_us_validation_147.wav run=0 audio=7.08s time=939.6ms rtf=0.1327
  Money can be exchanged at the only bank in the islands, which is located in Stanley across from the FICS store.
/data/local/tmp/starling-issue-batch/fleurs-validation/en_us_validation_148.wav run=0 audio=7.92s time=1167.1ms rtf=0.1474
  Most districts are served by small Japanese coaster buses which are comfortable and sturdy.
/data/local/tmp/starling-issue-batch/fleurs-validation/en_us_validation_149.wav run=0 audio=16.32s time=1987.5ms rtf=0.1218
  The Kruger National Park lies in the northeast of South Africa and runs along the border of Mozambique in the east. Zimbabwe in the north, and the southern border is the Crocodile River.
/data/local/tmp/starling-issue-batch/fleurs-validation/en_us_validation_15.wav run=0 audio=17.54s time=1939.1ms rtf=0.1106
  She came to this conclusion due to the multitude of positive comments and encouragements sent to her by both female and male individuals urging that contraception medication be considered a medical necessity.
/data/local/tmp/starling-issue-batch/fleurs-validation/en_us_validation_150.wav run=0 audio=11.04s time=1529.3ms rtf=0.1385
  It warns no one can guarantee that any course of action in Iraq at this point will stop sectarian warfare, growing violence or a slide toward chaos.
/data/local/tmp/starling-issue-batch/fleurs-validation/en_us_validation_151.wav run=0 audio=7.80s time=1191.5ms rtf=0.1528
  After seeing the horrors and atrocities of board during World War One, nations decide to avoid such a situation again in the future.
/data/local/tmp/starling-issue-batch/fleurs-validation/en_us_validation_152.wav run=0 audio=7.26s time=941.0ms rtf=0.1296
  Waters spilling over the levee in a section 100 feet wide.
/data/local/tmp/starling-issue-batch/fleurs-validation/en_us_validation_153.wav run=0 audio=8.88s time=1229.1ms rtf=0.1384
  The Tibetan Buddhism is based on the teachings of Buddha, but were extended by the Mahayana by the Maybach.
/data/local/tmp/starling-issue-batch/fleurs-validation/en_us_validation_154.wav run=0 audio=8.04s time=1097.9ms rtf=0.1366
  In many cases, enrolling on a gapier course abroad can actually improve your chances of moving into higher education back in your home country.
/data/local/tmp/starling-issue-batch/fleurs-validation/en_us_validation_155.wav run=0 audio=8.22s time=1210.4ms rtf=0.1472
  The northeast part of Sentinel Range has an Artiga's highest mountains, the Vincent Massif, peaking at 4892 m mount Vincent.
/data/local/tmp/starling-issue-batch/fleurs-validation/en_us_validation_156.wav run=0 audio=6.84s time=882.0ms rtf=0.1289
  With only 18 medals available a day, a number of countries have failed to make the medal podium.
/data/local/tmp/starling-issue-batch/fleurs-validation/en_us_validation_157.wav run=0 audio=14.98s time=1787.6ms rtf=0.1193
  They can see very well in the dark with night vision, and move very stefily to.
/data/local/tmp/starling-issue-batch/fleurs-validation/en_us_validation_158.wav run=0 audio=6.66s time=946.3ms rtf=0.1421
  This became common practice, but the iron caused more wear on the wooden wheels of wagons.
/data/local/tmp/starling-issue-batch/fleurs-validation/en_us_validation_159.wav run=0 audio=4.92s time=786.9ms rtf=0.1599
  The Amazon is also the wildest river on Earth, at times, six miles wide!
/data/local/tmp/starling-issue-batch/fleurs-validation/en_us_validation_16.wav run=0 audio=12.58s time=1658.0ms rtf=0.1318
  Due to the long distance from the continent, animals were unable to make the journey making the giant tortoise the primary grazing animal in the gobelos.
/data/local/tmp/starling-issue-batch/fleurs-validation/en_us_validation_160.wav run=0 audio=11.16s time=1574.7ms rtf=0.1411
  The Olympic gold medalist was due to swim in the 100m and 200m freestyle and in three relays at the Commonwealth games, but due to his complaints his fitness had been in doubt.
/data/local/tmp/starling-issue-batch/fleurs-validation/en_us_validation_161.wav run=0 audio=18.18s time=2184.1ms rtf=0.1201
  It uses satellite base technology as opposed to older ground radar base technology, to allow air traffic controllers to pinpoint aircraft with greater precision and give pilots more accurate information.
/data/local/tmp/starling-issue-batch/fleurs-validation/en_us_validation_162.wav run=0 audio=7.38s time=953.3ms rtf=0.1292
  This became common practice, but the iron caused more wear on the wooden wheels of the wagons.
/data/local/tmp/starling-issue-batch/fleurs-validation/en_us_validation_163.wav run=0 audio=8.80s time=1164.4ms rtf=0.1323
  An increasingly more popular option for those planning a gap year is to travel and learn.
/data/local/tmp/starling-issue-batch/fleurs-validation/en_us_validation_164.wav run=0 audio=15.36s time=1914.2ms rtf=0.1246
  The stretch between Point Marion and Fairmont presents the most challenging driving conditions on the Buffalo Pittsburgh Highway, passing frequently through isolated backwoods terrain.
/data/local/tmp/starling-issue-batch/fleurs-validation/en_us_validation_165.wav run=0 audio=7.62s time=934.8ms rtf=0.1227
  Three more bombs exploded near government buildings in a period of two hours.
/data/local/tmp/starling-issue-batch/fleurs-validation/en_us_validation_166.wav run=0 audio=6.90s time=949.7ms rtf=0.1376
  However, most signs are indicated only in Catalan because it is established by law as the first official language.
/data/local/tmp/starling-issue-batch/fleurs-validation/en_us_validation_167.wav run=0 audio=7.02s time=942.0ms rtf=0.1342
  The original population hasn't changed at all, they still need the same adaptations as before.
/data/local/tmp/starling-issue-batch/fleurs-validation/en_us_validation_168.wav run=0 audio=13.92s time=1776.9ms rtf=0.1276
  Her first was the Slalum, where she earned a Dut Finish in her first run. 36 of the 106 competitors had the same result in that race.
/data/local/tmp/starling-issue-batch/fleurs-validation/en_us_validation_169.wav run=0 audio=4.68s time=789.5ms rtf=0.1687
  Most of the life of the hebrew family happened in the open air.
/data/local/tmp/starling-issue-batch/fleurs-validation/en_us_validation_17.wav run=0 audio=8.52s time=1265.5ms rtf=0.1485
  Eventually wooden wheels were replaced by iron wheels. In 1767, the first full iron rails were introduced.
/data/local/tmp/starling-issue-batch/fleurs-validation/en_us_validation_170.wav run=0 audio=5.16s time=938.1ms rtf=0.1818
  Soon officers quick with riot gear entered the yard and courted the inmates with tear gas.
/data/local/tmp/starling-issue-batch/fleurs-validation/en_us_validation_171.wav run=0 audio=15.02s time=1791.4ms rtf=0.1193
  Science now indicates that this massive carbon has displayed the biosphere from one of its stable states that has supported human evolution for the past two million years.
/data/local/tmp/starling-issue-batch/fleurs-validation/en_us_validation_172.wav run=0 audio=10.44s time=1520.3ms rtf=0.1456
  NK also reported that the Kashi Karia nuclear powerplant in Nikada prefecture was operating normally.
/data/local/tmp/starling-issue-batch/fleurs-validation/en_us_validation_173.wav run=0 audio=6.84s time=953.0ms rtf=0.1393
  The Arabs also brought ibuted the lands and it took in a big way in Kemeros and Mayate.
/data/local/tmp/starling-issue-batch/fleurs-validation/en_us_validation_174.wav run=0 audio=12.12s time=1529.6ms rtf=0.1262
  Please treat the site with all of the dignity solemnity and respect it deserves. Do not make jokes about holocaust or Nazis.
/data/local/tmp/starling-issue-batch/fleurs-validation/en_us_validation_175.wav run=0 audio=7.62s time=1021.9ms rtf=0.1341
  According to police, the driver of the vehicle that hit the photographer is unlikely to face criminal charges.
/data/local/tmp/starling-issue-batch/fleurs-validation/en_us_validation_176.wav run=0 audio=6.96s time=929.7ms rtf=0.1336
  As soon as you get out of the current, swimming back is no more difficult than normally.
/data/local/tmp/starling-issue-batch/fleurs-validation/en_us_validation_177.wav run=0 audio=6.90s time=975.1ms rtf=0.1413
  Naturalists and philosophers focused on classical texts and, in particular, on the Bible and Latin.
/data/local/tmp/starling-issue-batch/fleurs-validation/en_us_validation_178.wav run=0 audio=6.36s time=974.5ms rtf=0.1532
  The original population hasn't changed at all, they still need the same adaptations as before.
/data/local/tmp/starling-issue-batch/fleurs-validation/en_us_validation_179.wav run=0 audio=8.28s time=1286.6ms rtf=0.1554
  Saltwater crocodiles do not actively live in the ocean, their primary habitat is in river estuaries north from Rockhampton.
/data/local/tmp/starling-issue-batch/fleurs-validation/en_us_validation_18.wav run=0 audio=7.80s time=1145.0ms rtf=0.1468
  They are still trying to determine just how large the crash was and how the earth will be affected.
/data/local/tmp/starling-issue-batch/fleurs-validation/en_us_validation_180.wav run=0 audio=14.66s time=1943.5ms rtf=0.1326
  Eventually, wooden wheels were replaced by iron wheels. In 1767, the first full iron reels were introduced.
/data/local/tmp/starling-issue-batch/fleurs-validation/en_us_validation_181.wav run=0 audio=8.64s time=1158.5ms rtf=0.1341
  Before an organization can be innovative, leadership must create a culture of innovation as well as shared knowledge and organizational learning.
/data/local/tmp/starling-issue-batch/fleurs-validation/en_us_validation_182.wav run=0 audio=10.74s time=2668.3ms rtf=0.2484
  There are a lot of social and political effects, such as the use of metric systems, a shift from absolutism to republicanism, nationalism, and the belief that the country belongs to the people and not one sole ruler.
/data/local/tmp/starling-issue-batch/fleurs-validation/en_us_validation_183.wav run=0 audio=8.70s time=1135.6ms rtf=0.1305
  The principle of Tibetan Buddhism is very simple and consists of kundalini yoga meditation and path all-embracing love.
/data/local/tmp/starling-issue-batch/fleurs-validation/en_us_validation_184.wav run=0 audio=9.72s time=1226.2ms rtf=0.1262
  Due to the long distance from the continent, mammals were unable to make the journey, making the giant tortoise the primary grazing animal in the Galápagos.
/data/local/tmp/starling-issue-batch/fleurs-validation/en_us_validation_185.wav run=0 audio=2.70s time=678.3ms rtf=0.2512
  He built a Wi-Fi doorbell, he said.
/data/local/tmp/starling-issue-batch/fleurs-validation/en_us_validation_186.wav run=0 audio=7.98s time=1188.0ms rtf=0.1489
  NHK also reported that the Kashi Karidwa nuclear powerplant inhada prefecture was operating normally.
/data/local/tmp/starling-issue-batch/fleurs-validation/en_us_validation_187.wav run=0 audio=8.04s time=1159.3ms rtf=0.1442
  It is Martelly's fifth CEP in four years.
/data/local/tmp/starling-issue-batch/fleurs-validation/en_us_validation_188.wav run=0 audio=3.30s time=795.5ms rtf=0.2411
  He built a wifi doorbell, he said.
/data/local/tmp/starling-issue-batch/fleurs-validation/en_us_validation_189.wav run=0 audio=13.86s time=1785.0ms rtf=0.1288
  The Kruger National Park KP lies in the northeast of South Africa and runs along the border of Mozambique in the east. Zimbabwe in the north and the southern border in the Kraudara River.
/data/local/tmp/starling-issue-batch/fleurs-validation/en_us_validation_19.wav run=0 audio=6.78s time=971.4ms rtf=0.1433
  Naturalists and philosophers focused on classical texts and, in particular, on the Bible and Latin.
/data/local/tmp/starling-issue-batch/fleurs-validation/en_us_validation_190.wav run=0 audio=5.40s time=917.8ms rtf=0.1700
  The Spaniards started the colonization period which lasted for three centuries.
/data/local/tmp/starling-issue-batch/fleurs-validation/en_us_validation_191.wav run=0 audio=7.08s time=1067.2ms rtf=0.1507
  The UN also hopes to finalize the Fund to help countries affected by global warming to cope with the impacts.
/data/local/tmp/starling-issue-batch/fleurs-validation/en_us_validation_192.wav run=0 audio=6.84s time=927.0ms rtf=0.1355
  Its all-pervading power affected everyone from king to commoner.
/data/local/tmp/starling-issue-batch/fleurs-validation/en_us_validation_193.wav run=0 audio=7.74s time=1266.0ms rtf=0.1636
  Previously Ring CEO Jamie Siminoff remarked that the company started when his doorbell was an audible from a shop in his garage.
/data/local/tmp/starling-issue-batch/fleurs-validation/en_us_validation_194.wav run=0 audio=12.36s time=1573.6ms rtf=0.1273
  The park covers 19,500 km and is divided in 14 different ecozones each supporting different wildlife.
/data/local/tmp/starling-issue-batch/fleurs-validation/en_us_validation_195.wav run=0 audio=9.72s time=1183.8ms rtf=0.1218
  Christmas is one of the most important holidays of Christianity and is celebrated as the birthday of Jesus.
/data/local/tmp/starling-issue-batch/fleurs-validation/en_us_validation_196.wav run=0 audio=9.78s time=1194.4ms rtf=0.1221
  Pronunciation is relatively easy in Italian, since most words are pronounced exactly how they are written.
/data/local/tmp/starling-issue-batch/fleurs-validation/en_us_validation_197.wav run=0 audio=8.52s time=1182.9ms rtf=0.1388
  The Arabs also brought Islam to the land and they took in a big way in Kamrost in Mayad.
/data/local/tmp/starling-issue-batch/fleurs-validation/en_us_validation_198.wav run=0 audio=9.30s time=1152.1ms rtf=0.1239
  Women should realize that cultural differences may result in what they would consider harassment and it is not uncommon to be followed, grabbed by the arm, etc.
/data/local/tmp/starling-issue-batch/fleurs-validation/en_us_validation_199.wav run=0 audio=11.76s time=1594.3ms rtf=0.1356
  Japan holds near 7000 islands, the biggest being Hainshu, making Japan the seventh largest island in the world.
/data/local/tmp/starling-issue-batch/fleurs-validation/en_us_validation_2.wav run=0 audio=7.92s time=1162.1ms rtf=0.1467
  The UN also hopes to finalize a fund to help countries affected by global warming to cope with the impacts.
/data/local/tmp/starling-issue-batch/fleurs-validation/en_us_validation_20.wav run=0 audio=8.16s time=1212.6ms rtf=0.1486
  A satellite phone is not generally a replacement for a mobile phone, as you have to be outdoors with clear line of sight to the satellite to make a phone call.
/data/local/tmp/starling-issue-batch/fleurs-validation/en_us_validation_200.wav run=0 audio=8.52s time=1179.0ms rtf=0.1384
  Kncraft products might be defined as antiques, though they're younger than similar mass-produced goods.
/data/local/tmp/starling-issue-batch/fleurs-validation/en_us_validation_201.wav run=0 audio=10.32s time=1555.6ms rtf=0.1507
  Air accidents are common in Iran, which has an aging fleet that is poorly maintained both for civil and military operations.
/data/local/tmp/starling-issue-batch/fleurs-validation/en_us_validation_202.wav run=0 audio=16.46s time=1938.1ms rtf=0.1177
  She came to this conclusion due to the multitude of positive comments and encouragement sent to her by both female and male individuals urging that contraception medication be considered a medical necessity.
/data/local/tmp/starling-issue-batch/fleurs-validation/en_us_validation_203.wav run=0 audio=9.12s time=1213.0ms rtf=0.1330
  Insects were the first animals to take to the air. Their ability to fly helped them evade enemies more easily and find food and mates more efficiently.
/data/local/tmp/starling-issue-batch/fleurs-validation/en_us_validation_204.wav run=0 audio=11.14s time=1575.9ms rtf=0.1415
  Examples of on-site activities include hunting, fishing, photography, bird watching and visiting parks, and citing information about the ecosystem.
/data/local/tmp/starling-issue-batch/fleurs-validation/en_us_validation_205.wav run=0 audio=8.52s time=1146.6ms rtf=0.1346
  Widespread looting reportedly continued overnight, as law enforcement officers were not present on Bishkek's street.
/data/local/tmp/starling-issue-batch/fleurs-validation/en_us_validation_206.wav run=0 audio=9.36s time=1210.6ms rtf=0.1293
  When the fighting seas after the wounded were transported to the hospital, about 40 of the other remaining inmates stayed in the yard and refused to return to their cells.
/data/local/tmp/starling-issue-batch/fleurs-validation/en_us_validation_207.wav run=0 audio=9.36s time=1200.4ms rtf=0.1282
  In this dynamic transport shuttle, everyone is somehow connected with and supporting a transport system based on private cars.
/data/local/tmp/starling-issue-batch/fleurs-validation/en_us_validation_208.wav run=0 audio=10.86s time=1482.3ms rtf=0.1365
  His 1000th stamp was the magnificent great deeds by Swedish kings by David Clacker ethrall in 2000 which is listed in the Guinness Book of World Records.
/data/local/tmp/starling-issue-batch/fleurs-validation/en_us_validation_209.wav run=0 audio=3.96s time=767.2ms rtf=0.1937
  It is Martelli's fifth CEP in four years.
/data/local/tmp/starling-issue-batch/fleurs-validation/en_us_validation_21.wav run=0 audio=8.16s time=1176.9ms rtf=0.1442
  Some reports put the official death toll at eight, and official reports confirmed that up to 30 were injured but final numbers are not yet known.
/data/local/tmp/starling-issue-batch/fleurs-validation/en_us_validation_210.wav run=0 audio=9.84s time=1131.4ms rtf=0.1150
  Israel demands an ongoing military presence in the valley for ten years once an agreement is signed while the PA agrees to leave such presence only for 5 years.
/data/local/tmp/starling-issue-batch/fleurs-validation/en_us_validation_211.wav run=0 audio=9.12s time=1216.7ms rtf=0.1334
  Insects were the first animals to take to the air, their ability to fly helped them evade enemies more easily and find food and mates more efficiently.
/data/local/tmp/starling-issue-batch/fleurs-validation/en_us_validation_212.wav run=0 audio=5.64s time=944.1ms rtf=0.1674
  With only 18 medals available a day, a number of countries have failed to make the medal podium.
/data/local/tmp/starling-issue-batch/fleurs-validation/en_us_validation_213.wav run=0 audio=8.76s time=1133.9ms rtf=0.1294
  The Portuguese destroyed and rebuilt it under the name Gasabranca, only to abandon it after an earthquake in 1755.
/data/local/tmp/starling-issue-batch/fleurs-validation/en_us_validation_214.wav run=0 audio=8.94s time=1182.3ms rtf=0.1323
  The views presented are often cursory, general and oversimplified, compared to the more detailed information available elsewhere.
/data/local/tmp/starling-issue-batch/fleurs-validation/en_us_validation_215.wav run=0 audio=4.68s time=757.8ms rtf=0.1619
  U.S. President George W. Bush welcomed the announcement.
/data/local/tmp/starling-issue-batch/fleurs-validation/en_us_validation_216.wav run=0 audio=7.86s time=1213.4ms rtf=0.1544
  Yet 80 percent of our goods were taxed through tariffs in Central America countries we treat you.
/data/local/tmp/starling-issue-batch/fleurs-validation/en_us_validation_217.wav run=0 audio=8.04s time=1131.3ms rtf=0.1407
  A former Filipino policeman has kept Hong Kong tourist hostage by hijacking their bus in Manila, the capital of the Philippines.
/data/local/tmp/starling-issue-batch/fleurs-validation/en_us_validation_218.wav run=0 audio=10.00s time=1233.4ms rtf=0.1233
  Rabban Uhba made the inning's highest score 70 runs in just 41 balls by hitting 11 fords and 26s.
/data/local/tmp/starling-issue-batch/fleurs-validation/en_us_validation_219.wav run=0 audio=11.22s time=1480.2ms rtf=0.1319
  Over time, as the new population begins to adapt to their new environment, they start to look less and less like the other population.
/data/local/tmp/starling-issue-batch/fleurs-validation/en_us_validation_22.wav run=0 audio=6.78s time=1025.6ms rtf=0.1513
  Thousands of years ago, a man called Ares said the solar system moved around the sun.
/data/local/tmp/starling-issue-batch/fleurs-validation/en_us_validation_220.wav run=0 audio=12.60s time=1600.1ms rtf=0.1270
  Scientists say this animal's plumage was chestnut brown on top with a pale or carotenoid colored outside.
/data/local/tmp/starling-issue-batch/fleurs-validation/en_us_validation_221.wav run=0 audio=15.60s time=1941.7ms rtf=0.1245
  The feather structure suggests that they were not used in flight but rather for temperature regulation or display. The researchers suggested that even though this is the tail of a young dinosaur, the sample shows adult plumage and not a chick's down.
/data/local/tmp/starling-issue-batch/fleurs-validation/en_us_validation_222.wav run=0 audio=5.54s time=936.8ms rtf=0.1691
  Most of the life of the Hebrew family happened in the open air.
/data/local/tmp/starling-issue-batch/fleurs-validation/en_us_validation_223.wav run=0 audio=9.78s time=1242.4ms rtf=0.1270
  The stretch between Point Merion and Fairmont presents the most challenging driving conditions on the Buffalo Pittsburgh Highway, passing frequently through isolated backwards terrain.
/data/local/tmp/starling-issue-batch/fleurs-validation/en_us_validation_224.wav run=0 audio=11.28s time=1533.7ms rtf=0.1360
  The winter can be deceptively chilly. Temperatures rarely go below freezing, but the wind and humidity combine to make it feel colder than what the thermometer says.
/data/local/tmp/starling-issue-batch/fleurs-validation/en_us_validation_225.wav run=0 audio=11.30s time=1481.7ms rtf=0.1311
  A former Filipino policeman has kept Hongkong tourist hostage by hijacking their bus in Manila, the capital of the Philippines.
/data/local/tmp/starling-issue-batch/fleurs-validation/en_us_validation_226.wav run=0 audio=8.64s time=1721.9ms rtf=0.1993
  The Amazon is also the widest river on Earth at times six miles wide.
/data/local/tmp/starling-issue-batch/fleurs-validation/en_us_validation_227.wav run=0 audio=9.24s time=1155.6ms rtf=0.1251
  Dutch spokesman Gordon Je-Called North Korea's pledge a major step towards the goal of achieving the verifiable denuclearization of the Korean Peninsula.
/data/local/tmp/starling-issue-batch/fleurs-validation/en_us_validation_228.wav run=0 audio=7.12s time=884.8ms rtf=0.1243
  The East African islands are in the Indian Ocean off the eastern coast of Africa.
/data/local/tmp/starling-issue-batch/fleurs-validation/en_us_validation_229.wav run=0 audio=8.04s time=1163.5ms rtf=0.1447
  Science's main goal is to figure out the way the world works through the scientific method. This method in fact guides most scientific research.
/data/local/tmp/starling-issue-batch/fleurs-validation/en_us_validation_23.wav run=0 audio=5.52s time=904.5ms rtf=0.1639
  As soon as you get out of the current, swimming back is no more difficult than normally.
/data/local/tmp/starling-issue-batch/fleurs-validation/en_us_validation_230.wav run=0 audio=8.04s time=1219.1ms rtf=0.1516
  The UN also hopes to finalize a fund to help countries affected by global warming to cope with the impacts.
/data/local/tmp/starling-issue-batch/fleurs-validation/en_us_validation_231.wav run=0 audio=8.64s time=1102.5ms rtf=0.1276
  Over time, as the population begins to adapt to their new environment, they start to look less and less like the other population.
/data/local/tmp/starling-issue-batch/fleurs-validation/en_us_validation_232.wav run=0 audio=18.48s time=2180.4ms rtf=0.1180
  Now widely available throughout the archipelago, Japanese cuisine features an array of simply seasoned dishes. The predominant flavorings the Japanese favor being peanuts, chilies, sugar, especially Japanese coconut sugar, and various aromatic spices.
/data/local/tmp/starling-issue-batch/fleurs-validation/en_us_validation_233.wav run=0 audio=6.36s time=915.4ms rtf=0.1439
  Famous singers across the country presented bhajans or devotional songs to Sri Skyam's feet.
/data/local/tmp/starling-issue-batch/fleurs-validation/en_us_validation_234.wav run=0 audio=9.96s time=1187.8ms rtf=0.1193
  I don't know if you realize it or not, but most of the goods from Central America came into this country duty free.
/data/local/tmp/starling-issue-batch/fleurs-validation/en_us_validation_235.wav run=0 audio=9.48s time=1217.9ms rtf=0.1285
  Former House Speaker Newt Gingrich, Texas Governor Rick Perry and Congresswoman Michelle Bachmann finished in 4th fifth and sixth place respectively.
/data/local/tmp/starling-issue-batch/fleurs-validation/en_us_validation_236.wav run=0 audio=6.90s time=963.2ms rtf=0.1396
  A course will normally cover all issues discussed here in far greater detail, usually with practical experience.
/data/local/tmp/starling-issue-batch/fleurs-validation/en_us_validation_237.wav run=0 audio=8.34s time=1180.4ms rtf=0.1415
  Saltwater crocodiles do not actively live in the ocean, their primary habitat is the river estatuaries north from Rockhampton.
/data/local/tmp/starling-issue-batch/fleurs-validation/en_us_validation_238.wav run=0 audio=6.30s time=944.1ms rtf=0.1499
  On icy and snowy roadways, friction is low, and you cannot drive as if you were on bare asphalt.
/data/local/tmp/starling-issue-batch/fleurs-validation/en_us_validation_239.wav run=0 audio=8.76s time=1199.6ms rtf=0.1369
  Some reports put the official death toll at 8 and official reports confirmed that up to 30 were injured, but final numbers are not yet known.
/data/local/tmp/starling-issue-batch/fleurs-validation/en_us_validation_24.wav run=0 audio=13.74s time=1755.2ms rtf=0.1277
  If you visit the Arctic or Anarctic areas in the winter, you will experience polar night, which means that the sun doesn't raise above the horizon.
/data/local/tmp/starling-issue-batch/fleurs-validation/en_us_validation_240.wav run=0 audio=9.90s time=1207.2ms rtf=0.1219
  In Japan, the First Cherry blossom parties were hosted by the emperor only for himself and other members of the aristocracy around the imperial court.
/data/local/tmp/starling-issue-batch/fleurs-validation/en_us_validation_241.wav run=0 audio=8.04s time=1209.3ms rtf=0.1504
  They are still trying to determine just how large the crash was and how the earth will be affected.
/data/local/tmp/starling-issue-batch/fleurs-validation/en_us_validation_242.wav run=0 audio=9.00s time=1189.2ms rtf=0.1321
  Scientists think that acceles follow and fine animals to eat prey by smell sniffing for where they've been on the ground.
/data/local/tmp/starling-issue-batch/fleurs-validation/en_us_validation_243.wav run=0 audio=14.30s time=1821.6ms rtf=0.1274
  Though it is widely used, especially among non-Romini, the word gipse is often considered offensive because of its associations with negative stereotypes and inaccurate perceptions of Romani people.
/data/local/tmp/starling-issue-batch/fleurs-validation/en_us_validation_244.wav run=0 audio=12.96s time=1975.3ms rtf=0.1524
  Previously Rings CEO Jamie Sinoff remarked the company started when his doorbell was an audible from his shop in his garage.
/data/local/tmp/starling-issue-batch/fleurs-validation/en_us_validation_245.wav run=0 audio=6.00s time=1028.1ms rtf=0.1714
  There are many beaches due to Auckland straddling of two harbors. The most popular ones are in three areas.
/data/local/tmp/starling-issue-batch/fleurs-validation/en_us_validation_246.wav run=0 audio=6.58s time=955.0ms rtf=0.1451
  Safari is perhaps the greatest tourism draw in Africa and the highlight for many visitors.
/data/local/tmp/starling-issue-batch/fleurs-validation/en_us_validation_247.wav run=0 audio=9.18s time=1117.4ms rtf=0.1217
  According to the police, the driver of the vehicle that hit the photographer is unlikely to face criminal charges.
/data/local/tmp/starling-issue-batch/fleurs-validation/en_us_validation_248.wav run=0 audio=11.06s time=1451.3ms rtf=0.1312
  Forest aren't just mangrove songstil, they include some of the last remaining stones of the Mighty Jungles, which once covered the Ganget Plain.
/data/local/tmp/starling-issue-batch/fleurs-validation/en_us_validation_249.wav run=0 audio=12.48s time=1457.0ms rtf=0.1167
  The winter can be deceptively chilly. Temperatures rarely go below freezing, but the wind and humidity combined to make it feel colder than what the thermometer says.
/data/local/tmp/starling-issue-batch/fleurs-validation/en_us_validation_25.wav run=0 audio=10.68s time=1517.4ms rtf=0.1421
  Skiing is a major traveling activity with many enthusiasts, occasionally known as ski bombs, planning entire vacations around skiing at a particular location.
/data/local/tmp/starling-issue-batch/fleurs-validation/en_us_validation_250.wav run=0 audio=11.16s time=1479.8ms rtf=0.1326
  Handicraft products might be defined as antiques, though they are younger than similar mass-produced goods.
/data/local/tmp/starling-issue-batch/fleurs-validation/en_us_validation_251.wav run=0 audio=9.60s time=1137.4ms rtf=0.1185
  Bush spokesman Gordon Jean-Drobled North Korea's pledge a major step towards the goal of achieving the verifiable denuclearization of the Korean Peninsula.
/data/local/tmp/starling-issue-batch/fleurs-validation/en_us_validation_252.wav run=0 audio=8.40s time=1160.9ms rtf=0.1382
  Ancient Roman mills couldn't have included foods that came to Europe from America or from Asia in later centuries.
/data/local/tmp/starling-issue-batch/fleurs-validation/en_us_validation_253.wav run=0 audio=12.04s time=1386.3ms rtf=0.1151
  The war expenditures of U.S. imperialism in the conquests of the Philippines were paid by the Filipino people themselves.
/data/local/tmp/starling-issue-batch/fleurs-validation/en_us_validation_254.wav run=0 audio=8.30s time=1074.6ms rtf=0.1295
  Then Rakh took the lead in singing the.
/data/local/tmp/starling-issue-batch/fleurs-validation/en_us_validation_255.wav run=0 audio=3.96s time=741.9ms rtf=0.1873
  Inland waterways can be a good theme to base a holiday around.
/data/local/tmp/starling-issue-batch/fleurs-validation/en_us_validation_256.wav run=0 audio=7.56s time=974.0ms rtf=0.1288
  Previously ring CEO Jamie Steininoff remarked the company's target when his torpo was an audible from his shop in his garage.
/data/local/tmp/starling-issue-batch/fleurs-validation/en_us_validation_257.wav run=0 audio=13.16s time=1678.4ms rtf=0.1275
  I lost my sister and a friend, and on my way there were two disabled people in wheelchairs, people just jumping over and pushing them, Armand Vesadis said.
/data/local/tmp/starling-issue-batch/fleurs-validation/en_us_validation_258.wav run=0 audio=8.04s time=1150.8ms rtf=0.1431
  There were no large forests in the land of Canyon, so wood was extremely expensive.
/data/local/tmp/starling-issue-batch/fleurs-validation/en_us_validation_259.wav run=0 audio=7.56s time=944.0ms rtf=0.1249
  Please treat the site with all of the dignity, solemnity and respect it deserves. Do not make jokes about the Holocaust or Nazis.
/data/local/tmp/starling-issue-batch/fleurs-validation/en_us_validation_26.wav run=0 audio=11.76s time=1564.7ms rtf=0.1331
  A former Filipino policeman has kept Hong Kong tourist hostage by hijacking their bus in Manila, the capital of the Philippines.
/data/local/tmp/starling-issue-batch/fleurs-validation/en_us_validation_260.wav run=0 audio=6.50s time=936.1ms rtf=0.1440
  At the beginning, Dress was heavily influenced by the byzan culture in the East.
/data/local/tmp/starling-issue-batch/fleurs-validation/en_us_validation_261.wav run=0 audio=9.00s time=1153.1ms rtf=0.1281
  Scientists say this animal's plumage was chestnut brown on top with a pill or keratinoid colored underside.
/data/local/tmp/starling-issue-batch/fleurs-validation/en_us_validation_262.wav run=0 audio=7.98s time=1150.4ms rtf=0.1442
  Women should realize that cultural differences may result in what they consider harassment, and it is not uncommon to be followed, grabbed by the arm, etc.
/data/local/tmp/starling-issue-batch/fleurs-validation/en_us_validation_263.wav run=0 audio=8.40s time=1125.9ms rtf=0.1340
  Such things have become separate disciplines, which focus on providing solutions to real life problems.
/data/local/tmp/starling-issue-batch/fleurs-validation/en_us_validation_264.wav run=0 audio=9.06s time=1182.3ms rtf=0.1305
  For example, learning and socialization are suggested as important motivations for Internet use, James etha, 1995.
/data/local/tmp/starling-issue-batch/fleurs-validation/en_us_validation_265.wav run=0 audio=12.24s time=1608.7ms rtf=0.1314
  The feather structures suggest that they were not used in fly, but rather for temperature regulation or display. The researchers suggest that even though this is the tail of a young dinosaur, the stamp will show adult plumage and not a sick stone.
/data/local/tmp/starling-issue-batch/fleurs-validation/en_us_validation_266.wav run=0 audio=13.70s time=1687.0ms rtf=0.1231
  Major cuisine like that of similar zones in the Mediterranean is based on bread, vegetables and meat especially pork and uses olive oil throughout.
/data/local/tmp/starling-issue-batch/fleurs-validation/en_us_validation_267.wav run=0 audio=3.60s time=769.9ms rtf=0.2138
  Police says that the body appeared to have been there for about a day.
/data/local/tmp/starling-issue-batch/fleurs-validation/en_us_validation_268.wav run=0 audio=12.38s time=1675.7ms rtf=0.1354
  A satellite phone is not generally a replacement for a mobile phone, as you have to be outdoors with clear line of sight to the satellite, to make a phone call.
/data/local/tmp/starling-issue-batch/fleurs-validation/en_us_validation_269.wav run=0 audio=10.98s time=1570.3ms rtf=0.1430
  108 plates of Chapman Bog in Hinduism, 56 different edible items, like sweets, fruits, nuts, dishes, etc., which are offered to deity, were served to Baba.
/data/local/tmp/starling-issue-batch/fleurs-validation/en_us_validation_27.wav run=0 audio=8.04s time=1161.6ms rtf=0.1445
  Some reports put the official death eight, and official reports confirmed that up to 30 were injured but final numbers are not yet known.
/data/local/tmp/starling-issue-batch/fleurs-validation/en_us_validation_270.wav run=0 audio=8.76s time=1190.0ms rtf=0.1358
  Skiing is a major activity, with many enthusiasts, occasionally known as ski bombs, planning entire vacations around skiing at a particular location.
/data/local/tmp/starling-issue-batch/fleurs-validation/en_us_validation_271.wav run=0 audio=12.24s time=1444.3ms rtf=0.1180
  The winter can be deceptively chilly. Temperatures rarely go below freezing, but the wind and humidity combine to make it feel colder than what the thermometer says.
/data/local/tmp/starling-issue-batch/fleurs-validation/en_us_validation_272.wav run=0 audio=9.42s time=1151.4ms rtf=0.1222
  Such things have become separate disciplines, which focus on providing solutions to real-life problems.
/data/local/tmp/starling-issue-batch/fleurs-validation/en_us_validation_273.wav run=0 audio=6.72s time=946.9ms rtf=0.1409
  On icy and snowy roadways, friction is low and you cannot drive as if you were on bare asphalt.
/data/local/tmp/starling-issue-batch/fleurs-validation/en_us_validation_274.wav run=0 audio=7.66s time=954.1ms rtf=0.1246
  A curry can be either dry or wet depending on the amount of liquid.
/data/local/tmp/starling-issue-batch/fleurs-validation/en_us_validation_275.wav run=0 audio=7.40s time=1021.3ms rtf=0.1380
  A curry can be either dry or wet depending on the amount of liquid.
/data/local/tmp/starling-issue-batch/fleurs-validation/en_us_validation_276.wav run=0 audio=8.28s time=1256.0ms rtf=0.1517
  Christmas is one of the most important holidays of Christianity and is celebrated as the birthday of Jesus.
/data/local/tmp/starling-issue-batch/fleurs-validation/en_us_validation_277.wav run=0 audio=4.92s time=747.3ms rtf=0.1519
  The result of plotting analysis will be posted to a public website.
/data/local/tmp/starling-issue-batch/fleurs-validation/en_us_validation_278.wav run=0 audio=11.58s time=1602.6ms rtf=0.1384
  The Arabs also brought islam to the lands and it took in a big way in Kremles in May.
/data/local/tmp/starling-issue-batch/fleurs-validation/en_us_validation_279.wav run=0 audio=7.32s time=823.5ms rtf=0.1125
  It also had no authority to override tax laws and tariffs between states.
/data/local/tmp/starling-issue-batch/fleurs-validation/en_us_validation_28.wav run=0 audio=3.84s time=659.4ms rtf=0.1717
  It's worth half an hour to stroll about the intriguing village.
/data/local/tmp/starling-issue-batch/fleurs-validation/en_us_validation_280.wav run=0 audio=4.44s time=718.0ms rtf=0.1617
  It's worth half an hour to stroll about the intriguing village
/data/local/tmp/starling-issue-batch/fleurs-validation/en_us_validation_281.wav run=0 audio=7.98s time=1218.3ms rtf=0.1527
  At the beginning, dress was heavily influenced by the Byzantine culture in the East.
/data/local/tmp/starling-issue-batch/fleurs-validation/en_us_validation_282.wav run=0 audio=11.52s time=1555.0ms rtf=0.1350
  In partnership with NPWS and the Sporting Chooters Association of Australia, NSW, Inc. qualified volunteers were recruited under the Sporting Chooters Association's hunting program.
/data/local/tmp/starling-issue-batch/fleurs-validation/en_us_validation_283.wav run=0 audio=7.68s time=1148.0ms rtf=0.1495
  In the churchyard there are interesting marble sculptures of doves over some tombs.
/data/local/tmp/starling-issue-batch/fleurs-validation/en_us_validation_284.wav run=0 audio=4.56s time=861.0ms rtf=0.1888
  The first cases of the disease this season were reported in late July.
/data/local/tmp/starling-issue-batch/fleurs-validation/en_us_validation_285.wav run=0 audio=9.00s time=1276.2ms rtf=0.1418
  New kingdom ancient Egyptians marveled at their predecessor's moments which they were well over a thousand years old.
/data/local/tmp/starling-issue-batch/fleurs-validation/en_us_validation_286.wav run=0 audio=7.78s time=1167.4ms rtf=0.1501
  That didn't seem to make sense to me. It certainly wasn't fair.
/data/local/tmp/starling-issue-batch/fleurs-validation/en_us_validation_287.wav run=0 audio=10.68s time=1639.5ms rtf=0.1535
  Ancient Roman meals couldn't have included foods that came to Europe from America or from Asia in later centuries.
/data/local/tmp/starling-issue-batch/fleurs-validation/en_us_validation_288.wav run=0 audio=12.24s time=1576.8ms rtf=0.1288
  Air accidents are common in Iran, which has an aging fleet that is poorly maintained for both civil and military operations.
/data/local/tmp/starling-issue-batch/fleurs-validation/en_us_validation_289.wav run=0 audio=5.88s time=919.8ms rtf=0.1564
  You can see the pyramids in the dark, and you can see them in silence before the show begins.
/data/local/tmp/starling-issue-batch/fleurs-validation/en_us_validation_29.wav run=0 audio=7.02s time=956.0ms rtf=0.1362
  Research in AI involves making machines to automate tasks that require intelligent behavior.
/data/local/tmp/starling-issue-batch/fleurs-validation/en_us_validation_290.wav run=0 audio=8.34s time=1121.6ms rtf=0.1345
  Over time, as the new population begins to adapt to their new environment, they start to look less and less like the other population.
/data/local/tmp/starling-issue-batch/fleurs-validation/en_us_validation_291.wav run=0 audio=6.12s time=946.2ms rtf=0.1546
  That didn't seem to make sense to me. It certainly wasn't fair.
/data/local/tmp/starling-issue-batch/fleurs-validation/en_us_validation_292.wav run=0 audio=3.84s time=837.7ms rtf=0.2181
  It's worth half an hour to stroll about the intriguing village.
/data/local/tmp/starling-issue-batch/fleurs-validation/en_us_validation_293.wav run=0 audio=5.10s time=855.6ms rtf=0.1678
  The first cases of the disease this season were reported in late July.
/data/local/tmp/starling-issue-batch/fleurs-validation/en_us_validation_294.wav run=0 audio=10.20s time=1182.2ms rtf=0.1159
  The researchers suggested that even though this is the tail of a young dinosaur, the sample shows adult plumage and not a chick's down.
/data/local/tmp/starling-issue-batch/fleurs-validation/en_us_validation_295.wav run=0 audio=6.60s time=997.2ms rtf=0.1511
  Mike talks a lot during the hearing, I was getting ready so I wasn't really hearing what he was saying.
/data/local/tmp/starling-issue-batch/fleurs-validation/en_us_validation_296.wav run=0 audio=9.54s time=1177.1ms rtf=0.1234
  In the churchyard there are interesting marble sculptures of
/data/local/tmp/starling-issue-batch/fleurs-validation/en_us_validation_297.wav run=0 audio=10.16s time=1285.4ms rtf=0.1265
  Science's main goal is to figure out the way the world works through the scientific method. This method in fact guides the most scientific research.
/data/local/tmp/starling-issue-batch/fleurs-validation/en_us_validation_298.wav run=0 audio=12.38s time=1559.6ms rtf=0.1260
  Robin YuHapa made the inning's highest score: 70 runs in just 41 balls by hitting 11 fords and two sixes.
/data/local/tmp/starling-issue-batch/fleurs-validation/en_us_validation_299.wav run=0 audio=14.94s time=1726.9ms rtf=0.1156
  Out of 1400 people polled prior to the 2010 Federal election, those who oppose Australia becoming a republic grew by 8% since 2008.
/data/local/tmp/starling-issue-batch/fleurs-validation/en_us_validation_3.wav run=0 audio=4.14s time=802.2ms rtf=0.1938
  Then Laka sang to the lead and singing the Pashans
/data/local/tmp/starling-issue-batch/fleurs-validation/en_us_validation_30.wav run=0 audio=9.48s time=1272.5ms rtf=0.1342
  Soon officers equipped with riot gear entered the yard and cornered the inmates with tear gas.
/data/local/tmp/starling-issue-batch/fleurs-validation/en_us_validation_31.wav run=0 audio=4.92s time=782.4ms rtf=0.1590
  It has been scheduled to be cut down on Tuesday but was saved after an emergency court ruling.
/data/local/tmp/starling-issue-batch/fleurs-validation/en_us_validation_32.wav run=0 audio=5.52s time=909.2ms rtf=0.1647
  The first cases of the disease this season were reported in late July.
/data/local/tmp/starling-issue-batch/fleurs-validation/en_us_validation_33.wav run=0 audio=8.46s time=1280.2ms rtf=0.1513
  Members of a subculture often single their membership through a distinctive and symbolic use of style which includes fashions, maneurisms and argot.
/data/local/tmp/starling-issue-batch/fleurs-validation/en_us_validation_34.wav run=0 audio=5.28s time=918.4ms rtf=0.1739
  Although three people were inside the house when the car impacted it, none of them were hurt.
/data/local/tmp/starling-issue-batch/fleurs-validation/en_us_validation_35.wav run=0 audio=7.44s time=1029.0ms rtf=0.1383
  The war expenditures of US imperialism and the conquests of the Philippines were paid for by the Filipino people themselves.
/data/local/tmp/starling-issue-batch/fleurs-validation/en_us_validation_36.wav run=0 audio=9.66s time=1223.4ms rtf=0.1266
  Next some saddles, particularly English saddles that have safety bars that allow a stirrup leather to fall off the saddle if pulled backwards by a falling rider.
/data/local/tmp/starling-issue-batch/fleurs-validation/en_us_validation_37.wav run=0 audio=8.76s time=1188.3ms rtf=0.1357
  We can start living more friendly to the environment. We can join the environmental movement, and we can even be activists in order to reduce the future suffering in some degree.
/data/local/tmp/starling-issue-batch/fleurs-validation/en_us_validation_38.wav run=0 audio=10.74s time=1533.5ms rtf=0.1428
  The researchers suggested that even though this is the tail of a young dinosaur, the sample shows adult plumage and not a chick's down.
/data/local/tmp/starling-issue-batch/fleurs-validation/en_us_validation_39.wav run=0 audio=12.52s time=1593.4ms rtf=0.1273
  Her first was the Shalom, where she earned a Didn't Finish in her first run. 36 of the 116 competitors had the same result in that race.
/data/local/tmp/starling-issue-batch/fleurs-validation/en_us_validation_4.wav run=0 audio=4.92s time=759.5ms rtf=0.1544
  The major religion in Moldova is Orthodox Christian.
/data/local/tmp/starling-issue-batch/fleurs-validation/en_us_validation_40.wav run=0 audio=10.92s time=1630.5ms rtf=0.1493
  Couer companies are well paid for delivering things quickly, frequently, time is very important with business documents, merchandise, or spare parts for an urgent repair.
/data/local/tmp/starling-issue-batch/fleurs-validation/en_us_validation_41.wav run=0 audio=9.84s time=1198.2ms rtf=0.1218
  However, most signs are indicated only in Ketaland because it is established by law as the first official language.
/data/local/tmp/starling-issue-batch/fleurs-validation/en_us_validation_42.wav run=0 audio=9.36s time=1192.6ms rtf=0.1274
  Out of 1400 people polled prior to the 2010 federal election, those who oppose Australia become a republic group by 8% since 2008.
/data/local/tmp/starling-issue-batch/fleurs-validation/en_us_validation_43.wav run=0 audio=10.98s time=1530.8ms rtf=0.1394
  Some animals, such as elephants and giraffes, tend to approach closely to cars and standard equipment will allow good viewing.
/data/local/tmp/starling-issue-batch/fleurs-validation/en_us_validation_44.wav run=0 audio=5.52s time=937.7ms rtf=0.1699
  In the churchyard there are interesting marble sculptures of dust over some tombs.
/data/local/tmp/starling-issue-batch/fleurs-validation/en_us_validation_45.wav run=0 audio=7.32s time=1046.1ms rtf=0.1429
  Some patients may have contracted the bug in the hospital doctoral things and at least two were hospital health workers.
/data/local/tmp/starling-issue-batch/fleurs-validation/en_us_validation_46.wav run=0 audio=12.18s time=1605.8ms rtf=0.1318
  It could use a satellite base technology as opposed to UltraGound Radio-based technology to allow air traffic controllers to pinpoint aircraft with greater precision and give pilots more accurate information.
/data/local/tmp/starling-issue-batch/fleurs-validation/en_us_validation_47.wav run=0 audio=14.88s time=1794.6ms rtf=0.1206
  The feather structure suggests that they were not used in flight, but rather for temperature regulation or display. The researchers suggest that even though this is the tail of a young dinosaur, the sample shows an adult plumage and not a chick's down.
/data/local/tmp/starling-issue-batch/fleurs-validation/en_us_validation_48.wav run=0 audio=23.44s time=2762.8ms rtf=0.1179
  Hulons men's visually impaired skier, Maxi Jeff Kresga, and guide Ana Ogarsinska finished 13th in the Super G. South Korea's Jeang Park finished 24th in the men's sitting Supers G.
/data/local/tmp/starling-issue-batch/fleurs-validation/en_us_validation_49.wav run=0 audio=7.44s time=1080.4ms rtf=0.1452
  Argentina is well known for having one of the best Polo teams and players in the world.
/data/local/tmp/starling-issue-batch/fleurs-validation/en_us_validation_5.wav run=0 audio=4.44s time=716.3ms rtf=0.1613
  The East African islands are in the Indian Ocean, off the eastern coast of Africa.
/data/local/tmp/starling-issue-batch/fleurs-validation/en_us_validation_50.wav run=0 audio=10.56s time=1522.3ms rtf=0.1442
  Widespread looting reportedly continued overnight, as law enforcement officers were not present on Bishkek's streets.
/data/local/tmp/starling-issue-batch/fleurs-validation/en_us_validation_51.wav run=0 audio=5.52s time=923.9ms rtf=0.1674
  The satellite in space gets the call and then reflects it back down almost instantly.
/data/local/tmp/starling-issue-batch/fleurs-validation/en_us_validation_52.wav run=0 audio=15.32s time=1830.6ms rtf=0.1195
  Israel demands an ongoing military presence in the valley for ten years, once an agreement is signed while the PA agrees to leave such presence only for 5 years.
/data/local/tmp/starling-issue-batch/fleurs-validation/en_us_validation_53.wav run=0 audio=7.42s time=876.1ms rtf=0.1181
  The satellite in space gets the call and then reflects it back down almost instantly.
/data/local/tmp/starling-issue-batch/fleurs-validation/en_us_validation_54.wav run=0 audio=6.02s time=935.6ms rtf=0.1554
  The major religion in Moldova is Orthodox Christian.
/data/local/tmp/starling-issue-batch/fleurs-validation/en_us_validation_55.wav run=0 audio=11.82s time=1618.9ms rtf=0.1370
  The Northern Park or Central Range has Antarctica's highest mountains, the Vincent Masi, peaking at 4,892 mm Vincent.
/data/local/tmp/starling-issue-batch/fleurs-validation/en_us_validation_56.wav run=0 audio=9.90s time=1142.4ms rtf=0.1154
  The qualities that determine a subculture as distinct may be linguistic, aesthetic, religious, political, sexual, geographical, or a combination of factors.
/data/local/tmp/starling-issue-batch/fleurs-validation/en_us_validation_57.wav run=0 audio=5.64s time=876.3ms rtf=0.1554
  Soon officers equipped with riot gear entered the yard and cornered the inmates with tear gas.
/data/local/tmp/starling-issue-batch/fleurs-validation/en_us_validation_58.wav run=0 audio=13.26s time=1742.8ms rtf=0.1314
  Though it is widely used, especially among non-Romani, the word gypsy is often considered offensive because of its association with negative stereotypes and inaccurate perceptions of Romani people.
/data/local/tmp/starling-issue-batch/fleurs-validation/en_us_validation_59.wav run=0 audio=9.60s time=1264.8ms rtf=0.1317
  Israel demands an ongoing military presence in the valley for ten years once an agreement is signed while the PA agrees to leave such presence only for 5 years.
/data/local/tmp/starling-issue-batch/fleurs-validation/en_us_validation_6.wav run=0 audio=6.84s time=938.7ms rtf=0.1372
  Some festivals have special camping areas for families with young children.
/data/local/tmp/starling-issue-batch/fleurs-validation/en_us_validation_60.wav run=0 audio=8.04s time=1274.3ms rtf=0.1585
  I don't know if you realize it or not, but most of the goods from Central America came into this country duty free.
/data/local/tmp/starling-issue-batch/fleurs-validation/en_us_validation_61.wav run=0 audio=6.18s time=929.2ms rtf=0.1504
  Three more bombs exploded near government buildings in a period of two hours.
/data/local/tmp/starling-issue-batch/fleurs-validation/en_us_validation_62.wav run=0 audio=5.80s time=931.4ms rtf=0.1606
  Scientists say the explosion caused by the collision was massive.
/data/local/tmp/starling-issue-batch/fleurs-validation/en_us_validation_63.wav run=0 audio=6.36s time=1063.5ms rtf=0.1672
  When asked for a comment, Miller said, Mine talked a lot during the hearing. I was getting ready, so I wasn't really hearing what he was saying.
/data/local/tmp/starling-issue-batch/fleurs-validation/en_us_validation_64.wav run=0 audio=6.12s time=917.3ms rtf=0.1499
  There were no large forests in the land of Canon, so wood was extremely expensive.
/data/local/tmp/starling-issue-batch/fleurs-validation/en_us_validation_65.wav run=0 audio=13.08s time=1862.7ms rtf=0.1424
  Sines now indicates that this massive carbon economy has dislodged the biosphere from one of its stable states that has supported human evolution for the past two million years.
/data/local/tmp/starling-issue-batch/fleurs-validation/en_us_validation_66.wav run=0 audio=6.00s time=879.8ms rtf=0.1466
  Thousands of years ago, a man called Aristarus said that the solar system moved around the sun.
/data/local/tmp/starling-issue-batch/fleurs-validation/en_us_validation_67.wav run=0 audio=11.70s time=1530.5ms rtf=0.1308
  Examples of off-site activities, including hunting, fishing, photography, bird watching, and visiting parks and studying information about the ecosystem.
/data/local/tmp/starling-issue-batch/fleurs-validation/en_us_validation_68.wav run=0 audio=10.68s time=1521.0ms rtf=0.1424
  After seeing the horrors and atrocities of war during world war 1, nations desired to void such situation again in the future.
/data/local/tmp/starling-issue-batch/fleurs-validation/en_us_validation_69.wav run=0 audio=10.26s time=1606.7ms rtf=0.1566
  When the fighting ceased after the wounded were transported to the hospital, about 40 of the other remaining inmates stayed in the yard and refused to return to their cells.
/data/local/tmp/starling-issue-batch/fleurs-validation/en_us_validation_7.wav run=0 audio=10.02s time=1211.7ms rtf=0.1209
  The Teban Buddhism is based on the teachings of Buddha, but were extended by the Mayana path of love and by a lot of techniques from Indian yoga.
/data/local/tmp/starling-issue-batch/fleurs-validation/en_us_validation_70.wav run=0 audio=5.82s time=925.5ms rtf=0.1590
  Argentina is well known for having one of the best polo teams and players in the world.
/data/local/tmp/starling-issue-batch/fleurs-validation/en_us_validation_71.wav run=0 audio=5.10s time=890.7ms rtf=0.1747
  It had been scheduled to be kept in on Tuesday but was saved after an emergency court healing.
/data/local/tmp/starling-issue-batch/fleurs-validation/en_us_validation_72.wav run=0 audio=6.48s time=950.7ms rtf=0.1467
  Yet eighty percent of our goods were taxed through tariffs in Central American countries we treat you.
/data/local/tmp/starling-issue-batch/fleurs-validation/en_us_validation_73.wav run=0 audio=10.68s time=1568.0ms rtf=0.1468
  This new environment has different resources and different competitors, so the new population will need different features or adaptations to be a strong competitor than what they had needed before.
/data/local/tmp/starling-issue-batch/fleurs-validation/en_us_validation_74.wav run=0 audio=10.58s time=1515.5ms rtf=0.1432
  The main local beer is number one. It is not a complex beer but pleasant and refreshing. The other local beer is called manta.
/data/local/tmp/starling-issue-batch/fleurs-validation/en_us_validation_75.wav run=0 audio=5.22s time=936.0ms rtf=0.1793
  Water is spilling over the levee in a section 100 feet wide.
/data/local/tmp/starling-issue-batch/fleurs-validation/en_us_validation_76.wav run=0 audio=10.20s time=1212.0ms rtf=0.1188
  Many common formats UPS family formats, for example, are equal to or closely approximate this aspect ratio.
/data/local/tmp/starling-issue-batch/fleurs-validation/en_us_validation_77.wav run=0 audio=10.14s time=1124.9ms rtf=0.1109
  Technology offers a solution with virtual field trips, students can look at museum artifacts, visit an aquarium, or admire beautiful art while sitting with their class.
/data/local/tmp/starling-issue-batch/fleurs-validation/en_us_validation_78.wav run=0 audio=8.94s time=1213.2ms rtf=0.1357
  Examples of on-site activities include hunting, fishing, photography, birdwatching and visiting parks and studying information about the ecosystem.
/data/local/tmp/starling-issue-batch/fleurs-validation/en_us_validation_79.wav run=0 audio=6.86s time=908.4ms rtf=0.1324
  It is Martelly's fifth CEP in four years.
/data/local/tmp/starling-issue-batch/fleurs-validation/en_us_validation_8.wav run=0 audio=9.32s time=1181.4ms rtf=0.1268
  Pronunciation is relatively easy in Italian since most words are pronounced exactly how they are written.
/data/local/tmp/starling-issue-batch/fleurs-validation/en_us_validation_80.wav run=0 audio=13.40s time=1681.9ms rtf=0.1255
  Next some saddles, particularly English saddles, have safety bars that allow a stirrup leather to fall off the saddle if pulled backwards by a falling rider.
/data/local/tmp/starling-issue-batch/fleurs-validation/en_us_validation_81.wav run=0 audio=11.04s time=1640.9ms rtf=0.1486
  In HK also reported that the Kashiwaki Kirate nuclear power plant in Nikingata Prefecture was operating normally.
/data/local/tmp/starling-issue-batch/fleurs-validation/en_us_validation_82.wav run=0 audio=18.60s time=2156.8ms rtf=0.1160
  Not widely available throughout the archipelago, Japanese cuisine features an array of simply seasoned dishes, the predominant flavorings the Japanese favor being peanuts, chilies, sugar, especially Japanese coconut sugar, and various aromatic spices.
/data/local/tmp/starling-issue-batch/fleurs-validation/en_us_validation_83.wav run=0 audio=19.26s time=2189.5ms rtf=0.1137
  There are a lot of social and political effects such as the use of metric system, a shift from absolutism to republicanism, nationalism, and the belief the country belongs to the people, not to one sole ruler.
/data/local/tmp/starling-issue-batch/fleurs-validation/en_us_validation_84.wav run=0 audio=13.18s time=1765.0ms rtf=0.1339
  In many cases, enrolling on a gap year course abroad can actually improve your chances on moving into higher education back in your home country.
/data/local/tmp/starling-issue-batch/fleurs-validation/en_us_validation_85.wav run=0 audio=9.60s time=1215.6ms rtf=0.1266
  They can see very well in the dark with night vision and move very stealtily to hunt their prey by blending in with their surroundings and prancing on their prey.
/data/local/tmp/starling-issue-batch/fleurs-validation/en_us_validation_86.wav run=0 audio=8.64s time=1179.8ms rtf=0.1365
  Rabinba made the inning high score 70 runs and just 41 balls by hitting 11 fours and 26.
/data/local/tmp/starling-issue-batch/fleurs-validation/en_us_validation_87.wav run=0 audio=13.08s time=1744.7ms rtf=0.1334
  Courier companies are well paid for delivering things quickly, frequently, time is very important with business documents, merchandise or spare parts for an urgent repair.
/data/local/tmp/starling-issue-batch/fleurs-validation/en_us_validation_88.wav run=0 audio=6.66s time=938.6ms rtf=0.1409
  The East African islands are in the Indian Ocean off the eastern coast of Africa.
/data/local/tmp/starling-issue-batch/fleurs-validation/en_us_validation_89.wav run=0 audio=6.12s time=935.0ms rtf=0.1528
  At the beginning, Dress was heavily influenced by the Byzantine culture in the East.
/data/local/tmp/starling-issue-batch/fleurs-validation/en_us_validation_9.wav run=0 audio=9.48s time=1196.2ms rtf=0.1262
  In this dynamic transport shuttle, everyone is show connected with and supporting a transport system based on private cars.
/data/local/tmp/starling-issue-batch/fleurs-validation/en_us_validation_90.wav run=0 audio=7.70s time=1135.5ms rtf=0.1475
  The patient had been to Nigeria where some cases of the virus have occurred.
/data/local/tmp/starling-issue-batch/fleurs-validation/en_us_validation_91.wav run=0 audio=10.56s time=1652.9ms rtf=0.1565
  Former House Speaker Newt Gingrich, Texas Governor Rick Perry and Congresswoman Michelle Backman finished in fourth, fifth and sixth place respectively.
/data/local/tmp/starling-issue-batch/fleurs-validation/en_us_validation_92.wav run=0 audio=9.36s time=1106.5ms rtf=0.1182
  Next saddles, particularly English saddles, have safety bars that allow a stirrup leather to fall off the saddle if pulled backwards by a falling rider.
/data/local/tmp/starling-issue-batch/fleurs-validation/en_us_validation_93.wav run=0 audio=8.28s time=1038.2ms rtf=0.1254
  A course will normally cover all the issues discussed here in far greater detail, usually with practical experience.
/data/local/tmp/starling-issue-batch/fleurs-validation/en_us_validation_94.wav run=0 audio=9.54s time=1085.8ms rtf=0.1138
  We can start living more friendly to the environment. We can join to the environmental movement, and we can even be activists in order to reduce the future suffering in some degree.
/data/local/tmp/starling-issue-batch/fleurs-validation/en_us_validation_95.wav run=0 audio=16.00s time=1859.2ms rtf=0.1162
  Across the United States of America, there are approximately 400,000 known cases of multiple scolosis, leaving it as the leading neurological disease in younger and middle-age adults.
/data/local/tmp/starling-issue-batch/fleurs-validation/en_us_validation_96.wav run=0 audio=12.24s time=1585.5ms rtf=0.1295
  His 1000th stamp was the magnificent great deeds by Swedish king by David Claude Ehrald in 2000, which is listed in the genus book of world records.
/data/local/tmp/starling-issue-batch/fleurs-validation/en_us_validation_97.wav run=0 audio=10.44s time=1537.9ms rtf=0.1473
  Research in AI involves making machines to automate tasks that require intelligent behavior.
/data/local/tmp/starling-issue-batch/fleurs-validation/en_us_validation_98.wav run=0 audio=8.76s time=1177.7ms rtf=0.1344
  The Portuguese destroyed it and rebuilt it under the name Costa Branca only to abandon it after an earthquake in 1755.
/data/local/tmp/starling-issue-batch/fleurs-validation/en_us_validation_99.wav run=0 audio=8.04s time=1124.8ms rtf=0.1399
  Some patients might have contracted the bug in the hospital D Multins, and at least two were hospital health workers.
