load 3008.8 ms  backend=cpu
/data/local/tmp/starling-issue-batch/short.wav run=0 audio=7.43s time=1070.8ms rtf=0.1440
  Well, I don't wish to see it any more, observed Phoebe, turning away her eyes. It is certainly very like the old portrait.
/data/local/tmp/starling-issue-batch/fleurs-validation/de_de_validation_0.wav run=0 audio=12.96s time=1767.4ms rtf=0.1364
  Ihr erstes war der Slalom, bei dem sie in ihrem ersten Lauf ein Dinat Phenish erhielt. 36 der 116 Teilnehmer erzielten in diesem Rennen das gleiche Ergebnis.
/data/local/tmp/starling-issue-batch/fleurs-validation/de_de_validation_1.wav run=0 audio=11.34s time=1451.5ms rtf=0.1280
  Laut Polizei wird der Fahrer des Fahrzeugs, das ein Fotografen angefahren hat, wahrscheinlich nicht angeklagt werden.
/data/local/tmp/starling-issue-batch/fleurs-validation/de_de_validation_10.wav run=0 audio=7.56s time=929.6ms rtf=0.1230
  Seine Allmacht beherrschte Jen vom König bis zum einfachen Bürger.
/data/local/tmp/starling-issue-batch/fleurs-validation/de_de_validation_100.wav run=0 audio=10.80s time=1637.7ms rtf=0.1516
  Ein Kurs deckt alle hier diskutierten Probleme in der Regel viel Ditagierter ab, normalerweise in Kombination mit praktischer Erfahrung.
/data/local/tmp/starling-issue-batch/fleurs-validation/de_de_validation_101.wav run=0 audio=11.16s time=1565.3ms rtf=0.1403
  Der ehemalige Sprecher des Repräsentantenhauses Newt Gingrich, der texanische Gouverneur Rick Perry und die Kongressabgeordnete Michael Backmann erreichten jeweils den vierten fünften und sechsten Platz.
/data/local/tmp/starling-issue-batch/fleurs-validation/de_de_validation_102.wav run=0 audio=6.66s time=934.0ms rtf=0.1402
  Der größte Teil des Lebens der hebräischen Familie spielte sich unter freien Himmel ab.
/data/local/tmp/starling-issue-batch/fleurs-validation/de_de_validation_103.wav run=0 audio=7.20s time=940.8ms rtf=0.1307
  Solche Dinge sind zu eigenständigen Disziplinen geworden, die sich darauf konzentrieren, lösungen für Probleme des wirklichen Lebens zu finden.
/data/local/tmp/starling-issue-batch/fleurs-validation/de_de_validation_104.wav run=0 audio=23.58s time=2919.9ms rtf=0.1238
  Ein Satellitentelefon ist generell kein Ersatz für ein Mobiltelefon, da man draußen und in klare Sichtlinie eines Satelliten sein muss, um einen Anruf zu tätigen.
/data/local/tmp/starling-issue-batch/fleurs-validation/de_de_validation_105.wav run=0 audio=11.76s time=1514.9ms rtf=0.1288
  Bitte behandeln Sie diese Städte mit der Verde, derfurcht und dem Respekt, die Ihr Gebühren, machen Sie keine Witze über den Holocaust oder die Nazis.
/data/local/tmp/starling-issue-batch/fleurs-validation/de_de_validation_106.wav run=0 audio=6.96s time=958.0ms rtf=0.1376
  Die Kriegsausgaben der US-Imperialisten bei der Eoberung der Philippinen wurden vom philippinischen Volk selbst getragen.
/data/local/tmp/starling-issue-batch/fleurs-validation/de_de_validation_107.wav run=0 audio=24.96s time=2753.3ms rtf=0.1103
  Es grei auf Satelliten basierte Technologie statt der älteren Technologie auf der Basis von Bodenradar zurück, um den Fluglotsen die präzizere Lokalisierung von Flugzeugen zu ermöglichen und die Piloten mit genaueren Informationen zu versorgen.
/data/local/tmp/starling-issue-batch/fleurs-validation/de_de_validation_108.wav run=0 audio=22.50s time=2424.8ms rtf=0.1078
  In vielen Fällen kann die Teilnahme in einem Auslandsüberbrücke-Programm ihre Chancen auf eine Hochschulausbildung in ihrem Heimatland tatsächlich verbessern.
/data/local/tmp/starling-issue-batch/fleurs-validation/de_de_validation_109.wav run=0 audio=9.96s time=1184.9ms rtf=0.1190
  Er hätte am Dienstag gefällt werden sollen, wurde aber durch ein Notfallgerichtsentschied gerettet.
/data/local/tmp/starling-issue-batch/fleurs-validation/de_de_validation_11.wav run=0 audio=16.32s time=2005.9ms rtf=0.1229
  Die breiten Boulevards, verglasten Gebäude und modernen Einkaufszentren sind geprägt von klassischen roten Ziegeldächern, dem Markt aus dem 18. Jahrhundert, sowie alten Moscheen und Kürchen, obwohl die Stadt eher eine Atmosphäre des mediterranen Europas ausstrahlt, als die der traditionellen Türkei.
/data/local/tmp/starling-issue-batch/fleurs-validation/de_de_validation_110.wav run=0 audio=13.80s time=1740.6ms rtf=0.1261
  Ein Cöry kann abhängig von der Flüssigkeitsmenge entweder trocken oder feucht sein.
/data/local/tmp/starling-issue-batch/fleurs-validation/de_de_validation_111.wav run=0 audio=23.22s time=2648.1ms rtf=0.1140
  Im Prinzip ist der tibetische Buddhismus sehr einfach. Er besteht aus Kundalini-Yoga, Meditation und dem Pfad der allumfassenden Liebe.
/data/local/tmp/starling-issue-batch/fleurs-validation/de_de_validation_112.wav run=0 audio=8.52s time=1148.5ms rtf=0.1348
  Binnenwasserstraßen können eine gute Grundlage für die Ulasplano sein.
/data/local/tmp/starling-issue-batch/fleurs-validation/de_de_validation_113.wav run=0 audio=12.90s time=1849.1ms rtf=0.1433
  Von den 1400 Personen, die vor der Bundestagswahl 2010 befragt wurden, hat der Anteil derjenigen, die sich dagegen aussprechen, dass Australien zur Republik wird seit 2008 um 8% zugenommen.
/data/local/tmp/starling-issue-batch/fleurs-validation/de_de_validation_114.wav run=0 audio=7.56s time=950.7ms rtf=0.1258
  Er hätte am Dienstag gefällt werden sollen, wurde aber durch einen Notfallgerichtsentscheid gerettet.
/data/local/tmp/starling-issue-batch/fleurs-validation/de_de_validation_115.wav run=0 audio=5.40s time=1030.0ms rtf=0.1907
  Argentinien ist bekannt dafür, dass sein Polotteam und die Spieler zu den Besten der Welt gehören.
/data/local/tmp/starling-issue-batch/fleurs-validation/de_de_validation_116.wav run=0 audio=15.18s time=1793.2ms rtf=0.1181
  Außerdem verfügen einige Sättel ins besondere englische Sättel über Sicherheitsbügel, die es ermöglichen, dass ein Steigbügelrien vom Sattel fällt, sobald er von einem stürzenden Reiter nach hinten gezogen wird.
/data/local/tmp/starling-issue-batch/fleurs-validation/de_de_validation_117.wav run=0 audio=10.92s time=1537.8ms rtf=0.1408
  Berühmte Sänger im ganzen Land präsentierten Bajans Andachtslieder zu Sri Sjamas Hüßen.
/data/local/tmp/starling-issue-batch/fleurs-validation/de_de_validation_118.wav run=0 audio=11.94s time=1586.3ms rtf=0.1329
  Als die Kämpfe nach dem Transport der Verwundeten ins Krankenhaus aufhörten, blieben etwa 40 der übrigen Insassen auf dem Hof und weigerten sich, in ihre Zellen zurückzukehren.
/data/local/tmp/starling-issue-batch/fleurs-validation/de_de_validation_119.wav run=0 audio=9.72s time=1218.0ms rtf=0.1253
  Wissenschaftler denken, dassolotte Tiere zum fressen, beute mit ihrem Geruchssinn verfolgen und aufspüren. Sie schnuppern danach, wo sie sich am Boden aufgehalten haben.
/data/local/tmp/starling-issue-batch/fleurs-validation/de_de_validation_12.wav run=0 audio=8.04s time=1191.1ms rtf=0.1481
  Wenn Sie die Ark- oder Antarkte gegenden im Winter besuchen, werden Sie die Polarnacht erleben, was bedeutet, dass die Sonne nicht über den Horizont steigt.
/data/local/tmp/starling-issue-batch/fleurs-validation/de_de_validation_120.wav run=0 audio=10.68s time=1529.2ms rtf=0.1432
  Sie versuchen immer noch herauszufinden, wie umfangreich der Zusammenschluss war und wie die Erde davon beeinträchtigt werden wird.
/data/local/tmp/starling-issue-batch/fleurs-validation/de_de_validation_121.wav run=0 audio=5.28s time=927.4ms rtf=0.1757
  Der Patient hatte sich in Nigeria aufgehalten, wo einige Fälle des Ebola-Virus auftraten.
/data/local/tmp/starling-issue-batch/fleurs-validation/de_de_validation_122.wav run=0 audio=8.34s time=1170.2ms rtf=0.1403
  Argentinien ist bekannt dafür, dass sein Polotteam und die Spiele zu den Besten der Welt gehören.
/data/local/tmp/starling-issue-batch/fleurs-validation/de_de_validation_123.wav run=0 audio=12.42s time=1559.6ms rtf=0.1256
  In diesem dynamischen Pendelverkehr sind alle in gewisser Weise mit einem Transportsystem verbunden, das auf dem privaten PKW basiert und unterstützt es.
/data/local/tmp/starling-issue-batch/fleurs-validation/de_de_validation_124.wav run=0 audio=9.36s time=1184.1ms rtf=0.1265
  Die ostafrikanischen Inseln befinden sich im indischen Ozean vor der Ostküste Afrikas.
/data/local/tmp/starling-issue-batch/fleurs-validation/de_de_validation_125.wav run=0 audio=8.76s time=1192.2ms rtf=0.1361
  Die Portugiesen zerstörten sie und bauten sie unter den Namen Casabranca wieder auf, nur um sie nach einem Erdbeben im Jahr 1755, aufzugeben.
/data/local/tmp/starling-issue-batch/fleurs-validation/de_de_validation_126.wav run=0 audio=6.78s time=900.2ms rtf=0.1328
  Die Spanier begannen die Kolonisierungszeit, die drei Jahrhunderte andauerte.
/data/local/tmp/starling-issue-batch/fleurs-validation/de_de_validation_127.wav run=0 audio=5.58s time=902.1ms rtf=0.1617
  Im Christentum ist Weihnachten einer der wichtigsten Feiertage und gilt als Geburtstag von Jesus.
/data/local/tmp/starling-issue-batch/fleurs-validation/de_de_validation_128.wav run=0 audio=5.88s time=937.8ms rtf=0.1595
  Der Patient hatte sich in Nigeria aufgehalten, wo einige Fälle des EBOL-Virus auftraten.
/data/local/tmp/starling-issue-batch/fleurs-validation/de_de_validation_129.wav run=0 audio=11.88s time=1572.7ms rtf=0.1324
  Naturwissenschaftler und Philosophen konzentrieren sich auf klassische Texte und dabei besonders auf die Bibel in lateinischer Sprache.
/data/local/tmp/starling-issue-batch/fleurs-validation/de_de_validation_13.wav run=0 audio=17.76s time=2023.5ms rtf=0.1139
  Die Eigenschaften, die eine Subkultur als solche abgrenzen, können sprachlicher, esthetischer, religiöser, politischer, sexueller oder geografischer Natur oder eine Kombination dieser Faktoren sein.
/data/local/tmp/starling-issue-batch/fleurs-validation/de_de_validation_130.wav run=0 audio=10.44s time=1556.7ms rtf=0.1491
  Erwarnt davor, dass niemand garantieren kann, dass irgendeine Vorgehensweise im Irak zu diesem Zeitpunkt die säktigerische Kriegsführung die wachsende Gewalt oder ein Abgleitenden ins Chaos stoppen wird.
/data/local/tmp/starling-issue-batch/fleurs-validation/de_de_validation_131.wav run=0 audio=25.74s time=3227.7ms rtf=0.1254
  Der Tibetanische Buddhismus, basiert auf den leeren Buddhas, wurde aber um den Pfad der Liebe des Mahayana und zahlreiche Techniken des indischen Yoga erweitert.
/data/local/tmp/starling-issue-batch/fleurs-validation/de_de_validation_132.wav run=0 audio=21.60s time=2389.3ms rtf=0.1106
  Es greift auf Satelliten basierte Technologie statt der älteren Technologie auf der Basis von Bodenradar zurück, um den Flugglotsen die präzisere Lokalisierung von Flugzeugen zu ermöglichen und die Piloten mit genaueren Informationen zu versorgen.
/data/local/tmp/starling-issue-batch/fleurs-validation/de_de_validation_133.wav run=0 audio=8.04s time=1155.7ms rtf=0.1437
  Binnenwasserstraßen konnten eine gute Grundlage für die U-Lauspannung sein.
/data/local/tmp/starling-issue-batch/fleurs-validation/de_de_validation_134.wav run=0 audio=20.64s time=5408.6ms rtf=0.2620
  Der Goldmedaillengewinner bei Olympischen Spielen sollte bei den Commonwealth Games in den Disziplinen 100m und 200m Freistil sowie in drei Lakestafeln schwimmen, aber wegen seiner vielen Beschwerden wurde seine Fitness angezweifelt.
/data/local/tmp/starling-issue-batch/fleurs-validation/de_de_validation_135.wav run=0 audio=5.04s time=748.7ms rtf=0.1486
  Dann übernahm Laka Sing die Leitung beim Singen der Bajans.
/data/local/tmp/starling-issue-batch/fleurs-validation/de_de_validation_136.wav run=0 audio=15.12s time=1832.9ms rtf=0.1212
  Sie können in der Dunkelheit mit Nachtsicht sehr gut sehen und sich unbemerkt bewegen, jagen ihre Beute, indem sie sich ihre Umgebung optisch angleichen und sich dann auf ihre Beute stürzen.
/data/local/tmp/starling-issue-batch/fleurs-validation/de_de_validation_137.wav run=0 audio=7.92s time=1132.2ms rtf=0.1430
  Der größte Teil des Lebens der hebräischen Familie spielt sich unter freiem Himmel ab.
/data/local/tmp/starling-issue-batch/fleurs-validation/de_de_validation_138.wav run=0 audio=7.32s time=933.5ms rtf=0.1275
  Dennoch wurden 80% unsere Waren in zentralafrikanischen Ländern mit Zöllen belegt. Wir kümmern uns um sie.
/data/local/tmp/starling-issue-batch/fleurs-validation/de_de_validation_139.wav run=0 audio=5.04s time=768.1ms rtf=0.1524
  Manche Festivals haben spezielle Campingbereiche für Familien mit kleinen Kindern.
/data/local/tmp/starling-issue-batch/fleurs-validation/de_de_validation_14.wav run=0 audio=5.88s time=960.9ms rtf=0.1634
  Das größte Turnier des Jahres findet im Dezember auf Las Kanidias Poldern statt.
/data/local/tmp/starling-issue-batch/fleurs-validation/de_de_validation_140.wav run=0 audio=9.00s time=1068.3ms rtf=0.1187
  Die Vereinten Nationen hoffen zudem, einen Fonds einrichten zu können, der den von der globalen Erwerbung betroffenen Ländern helfen soll, mit den Auswirkungen, fertig zu werden.
/data/local/tmp/starling-issue-batch/fleurs-validation/de_de_validation_141.wav run=0 audio=15.06s time=1733.6ms rtf=0.1151
  Ich habe meine Schwester und ihre Freundin verloren, und auf meinem Weg waren zwei Behinderte im Rollstuhl, über die Leute einfach drüber gesprungen sind und sie geschubst haben, sagte amand, versass.
/data/local/tmp/starling-issue-batch/fleurs-validation/de_de_validation_142.wav run=0 audio=5.52s time=939.5ms rtf=0.1702
  Das größte Turnier des Jahres findet im Dezember auf Las Canadias Polowfeldern statt.
/data/local/tmp/starling-issue-batch/fleurs-validation/de_de_validation_143.wav run=0 audio=7.14s time=948.0ms rtf=0.1328
  Forschung im Bereich KI umfasst die Herstellung von Maschinen zur Automatisierung von Aufgaben die intelligentes Verhalten erfordern.
/data/local/tmp/starling-issue-batch/fleurs-validation/de_de_validation_144.wav run=0 audio=26.94s time=2948.9ms rtf=0.1095
  Der in Panik versetzte König Ludwig XIV, Königin Marie Antoinette, ihre beiden kleinen Kinder, die elf Jahre alte Marie Therese und die vier Jahre alte Louis Charles. Sowie die Schwester des Königs, Madame Elizabeth, wurden am 6. Oktober 1789 in Versailles von einem Mob aus Marktfrauen zur Rückkehr nach Paris gezwungen.
/data/local/tmp/starling-issue-batch/fleurs-validation/de_de_validation_145.wav run=0 audio=22.20s time=2359.3ms rtf=0.1063
  Als nationale Sicherheitsberater unterstützte Akker bei der diplomatischen Handhabung von Weltangelegenheiten, wie dem Camp David-Abkommen von 1978, der Normalisierung der Beziehungen zwischen den USA und China Ende der 70er Jahre, der iranischen Revolution, die zur Geißekrise im Iran 1979 führte und der sowjetischen Invasion in Afghanistan 1979.
/data/local/tmp/starling-issue-batch/fleurs-validation/de_de_validation_146.wav run=0 audio=17.70s time=1944.9ms rtf=0.1099
  Ein Kurs deckt alle hier diskutierten Probleme in der Regel viel detaillierter ab, normalerweise in Kombination mit praktischer Erfahrung.
/data/local/tmp/starling-issue-batch/fleurs-validation/de_de_validation_147.wav run=0 audio=9.72s time=1068.6ms rtf=0.1099
  Dies wurde üblich, doch das Eis sorgte für mehr Verschleiß an den hölzern Rädern der Wagen.
/data/local/tmp/starling-issue-batch/fleurs-validation/de_de_validation_148.wav run=0 audio=13.26s time=1611.7ms rtf=0.1215
  Binnenwasserstraßen können eine gute Grundlage für die Urlaubsplanung sein.
/data/local/tmp/starling-issue-batch/fleurs-validation/de_de_validation_149.wav run=0 audio=21.24s time=2293.8ms rtf=0.1080
  Geld kann in der einzigen Bank auf der Insel umgetauscht werden, welche sich in Stanley gegenüber vom FIC West Store befindet.
/data/local/tmp/starling-issue-batch/fleurs-validation/de_de_validation_15.wav run=0 audio=12.36s time=1509.8ms rtf=0.1222
  Saferes sind vielleicht die größte Touristenattraktion in Afrika und der Höhepunkt für viele Besuche.
/data/local/tmp/starling-issue-batch/fleurs-validation/de_de_validation_150.wav run=0 audio=11.16s time=1549.2ms rtf=0.1388
  Laut einigen Berichten beträgt die offizielle Zahl der Todesopfer 8, und offizielle Berichte bestätigen, dass bis zu 30 Personen verletzt wurden. Allerdings sind noch keine endgültigen Zahlen bekannt.
/data/local/tmp/starling-issue-batch/fleurs-validation/de_de_validation_151.wav run=0 audio=7.62s time=903.7ms rtf=0.1186
  Handgefertigte Produkte könnten als antik bezeichnet werden, obwohl sie jünger als ähnliche Erzeugnisse aus Massenproduktion sind.
/data/local/tmp/starling-issue-batch/fleurs-validation/de_de_validation_152.wav run=0 audio=8.46s time=1100.0ms rtf=0.1300
  Die ersten Fälle der Krankheit dieser Saison wurden Ende Juli gemeldet.
/data/local/tmp/starling-issue-batch/fleurs-validation/de_de_validation_153.wav run=0 audio=11.88s time=1573.2ms rtf=0.1324
  In den Vereinigten Staaten von Amerika gibt es etwa 4000 bekannte Fälle von Multiples-Sklerose MS, womit sie die am weitesten verbreitete neurologische Krankheit bei erwachsenen Jüngeren und mittleren Alters ist.
/data/local/tmp/starling-issue-batch/fleurs-validation/de_de_validation_154.wav run=0 audio=5.52s time=943.0ms rtf=0.1708
  Ein Curry kann abhängig von der Flüssigkeitsmenge entweder trocken oder feucht sein.
/data/local/tmp/starling-issue-batch/fleurs-validation/de_de_validation_155.wav run=0 audio=16.20s time=1926.7ms rtf=0.1189
  Auf verereisten und verschneiten Straßen ist die Haftung gering, und man kann nicht fahren, als befindet man sich auf nacktem Asphalt.
/data/local/tmp/starling-issue-batch/fleurs-validation/de_de_validation_156.wav run=0 audio=8.58s time=1169.9ms rtf=0.1364
  Das wichtigste lokale Bier ist Number One. Es ist kein komplexes Bier, aber angenehm und erfrischend. Das andere lokale Bier heißt Manda.
/data/local/tmp/starling-issue-batch/fleurs-validation/de_de_validation_157.wav run=0 audio=8.88s time=1124.5ms rtf=0.1266
  Im Prinzip ist der tibetische Buddhismus sehr einfach, er besteht aus Gundalini, Yoga, Meditation und empfart der all umfassenden Liebe.
/data/local/tmp/starling-issue-batch/fleurs-validation/de_de_validation_158.wav run=0 audio=21.72s time=2408.2ms rtf=0.1109
  Der siehbehinderte polische Schiefahrer Musiq Kiril und die Begleitläuferin Anna Ugaska belegten im Super G den 13. Platz, der Südkoraner Jung Sir, belegte im Super G der Männer den 24. Platz
/data/local/tmp/starling-issue-batch/fleurs-validation/de_de_validation_159.wav run=0 audio=5.88s time=916.5ms rtf=0.1559
  Die ursprüngliche Population hat sich überhaupt nicht verändert, sie braucht noch immer dieselben Anpassungen wie zuvor.
/data/local/tmp/starling-issue-batch/fleurs-validation/de_de_validation_16.wav run=0 audio=10.86s time=1536.9ms rtf=0.1415
  Schließlich wurden die Holzräder durch Eisenräder ersetzt. 1767 wurden die ersten vollständig eisernen Schinen angeführt.
/data/local/tmp/starling-issue-batch/fleurs-validation/de_de_validation_160.wav run=0 audio=18.00s time=2049.3ms rtf=0.1138
  Baba Chjam wurden 108 Teller Schapang im Hinduismus, 56 verschiedene esbere Dinge wie Süßigkeiten, Früchte Nüsse, Gerichte und so weiter, die der Gottheit dargebracht werden, serviert.
/data/local/tmp/starling-issue-batch/fleurs-validation/de_de_validation_161.wav run=0 audio=10.02s time=1177.8ms rtf=0.1175
  Solche Dinge sind zu eigenständigen Displinen geworden, die sich darauf konzentrieren, Lösungen für Probleme des wirklichen Lebens zu finden.
/data/local/tmp/starling-issue-batch/fleurs-validation/de_de_validation_162.wav run=0 audio=8.88s time=1139.8ms rtf=0.1284
  Die marokinische Küche basiert wie die in ähnlichen Gebieten des Mittelmeers auf Brot Gemüse und Fleisch, ins besondere Schweinefleisch und verwendet stets Olivenöl.
/data/local/tmp/starling-issue-batch/fleurs-validation/de_de_validation_163.wav run=0 audio=15.66s time=1938.4ms rtf=0.1238
  Handgefertigte Produkte können als antik bezeichnet werden, obwohl sie Jünger als ähnliche Erzeugnisse aus Massenproduktion sind.
/data/local/tmp/starling-issue-batch/fleurs-validation/de_de_validation_164.wav run=0 audio=9.72s time=1106.0ms rtf=0.1138
  Die Spanier begannen die Kolonisierungszeit, die drei Jahrhunderte andauerte.
/data/local/tmp/starling-issue-batch/fleurs-validation/de_de_validation_165.wav run=0 audio=14.82s time=1797.5ms rtf=0.1213
  Aufgrund der großen Entfernung vom Kontinent waren Säugetiere nicht in der Lage, die Reise anzutreten, was die Riesenschildkröte zum Hauptweidetier auf den Galapagosinseln machte.
/data/local/tmp/starling-issue-batch/fleurs-validation/de_de_validation_166.wav run=0 audio=29.76s time=3153.7ms rtf=0.1060
  Der ehemalige Sprecher des Repräsentantenhauses Newt Gingrich, der sechsanische Gouverneur Rick Perry und die Kongressabgeordnete Michelle Bachmann erreichten jeweils den vierten, fünften und sechsten Platz.
/data/local/tmp/starling-issue-batch/fleurs-validation/de_de_validation_167.wav run=0 audio=12.42s time=1558.9ms rtf=0.1255
  Wenn Sie jemanden anrufen, der tausende von Meilen entfernt ist, dann nützen Sie einen Satelliten.
/data/local/tmp/starling-issue-batch/fleurs-validation/de_de_validation_168.wav run=0 audio=9.72s time=1197.0ms rtf=0.1231
  Die Portugiesen zerstörten sie und bauten sie unter den Namen Casabranga wieder auf, nur um sie nach einem Erdbeben im Jahr 1755, aufzugeben.
/data/local/tmp/starling-issue-batch/fleurs-validation/de_de_validation_169.wav run=0 audio=8.58s time=1195.1ms rtf=0.1393
  Wir können umweltfreundlicher leben, wir können uns der Umweltbewegung anschließen und wir können sogar Aktivisten werden, um zukünftiges Leid ein wenig zu lindern.
/data/local/tmp/starling-issue-batch/fleurs-validation/de_de_validation_17.wav run=0 audio=26.58s time=2930.2ms rtf=0.1102
  Der nördliche Teil oder die Sentinel Range hat die höchsten Berge der Antarktis, das Vincentmassiv, dessen höchste Gipfel mit 482 m Höhe der Mount Vincen ist.
/data/local/tmp/starling-issue-batch/fleurs-validation/de_de_validation_170.wav run=0 audio=17.70s time=3148.5ms rtf=0.1779
  Wir können umweltfreundlicher leben, wir können uns der Umweltbewegung anschließen und wir können sogar Aktivisten werden, um zukünftiges Leid ein wenig zu lindern.
/data/local/tmp/starling-issue-batch/fleurs-validation/de_de_validation_171.wav run=0 audio=9.72s time=1178.5ms rtf=0.1212
  Einige Tiere wie Elefanten und Giraffen neigen dazu, sich dicht an Autos anzunehmen, und die Standardauusrüstung ermöglicht eine gute Sicht.
/data/local/tmp/starling-issue-batch/fleurs-validation/de_de_validation_172.wav run=0 audio=20.22s time=2118.9ms rtf=0.1048
  Seine tausendste Briefmarke aus dem Jahr 2000 zeigt das prächtige Gemeinde rühmlicher Heldentaten schwedischer Könige von David Glöcker, Ehrenstrahl und ist im Gienbuch der Rekorde verzeichnet.
/data/local/tmp/starling-issue-batch/fleurs-validation/de_de_validation_173.wav run=0 audio=5.64s time=892.8ms rtf=0.1583
  Auf einem hundertfuß langen Teilabschnitt läuft Wasser über den Daumen.
/data/local/tmp/starling-issue-batch/fleurs-validation/de_de_validation_174.wav run=0 audio=4.32s time=765.4ms rtf=0.1772
  Die wichtigste Religion in Moldavien ist die christlich Orthodoxe.
/data/local/tmp/starling-issue-batch/fleurs-validation/de_de_validation_175.wav run=0 audio=9.48s time=1161.4ms rtf=0.1225
  Der Amazonas ist auch der breiteste Flus der Erde, teilweise bis zu sechs Meilen breit.
/data/local/tmp/starling-issue-batch/fleurs-validation/de_de_validation_176.wav run=0 audio=7.26s time=967.2ms rtf=0.1332
  Nach den Erlebnissen der Schrecken und Gröltaten im Ersten Weltkrieg wollten die Nationen eine weitere solche Situation in der Zukunft vermeiden.
/data/local/tmp/starling-issue-batch/fleurs-validation/de_de_validation_177.wav run=0 audio=5.76s time=783.7ms rtf=0.1361
  Obwohl sich drei Menschen im Haus befanden, als das Auto hineinraste, wurde keiner von ihnen verletzt.
/data/local/tmp/starling-issue-batch/fleurs-validation/de_de_validation_178.wav run=0 audio=8.28s time=1147.4ms rtf=0.1386
  Auf dem Friedhof gibt es über einige Gräber interessante Marmorskulpturen von Tauben.
/data/local/tmp/starling-issue-batch/fleurs-validation/de_de_validation_179.wav run=0 audio=16.32s time=1990.4ms rtf=0.1220
  Frauen sollten erkennen, dass kulturelle Unterschiede zu dem führen können, was sie als Übergriff betrachten würden und dass es nicht ungewöhnlich ist, verfolgt am Arm gepackt und so weiter zu werden.
/data/local/tmp/starling-issue-batch/fleurs-validation/de_de_validation_18.wav run=0 audio=23.10s time=2676.5ms rtf=0.1159
  Der Kruger Nationalpark KNP liegt im Nordosten von Südafrika. Er grenzt im Osten an Mosambik, im Norden an Zimbabwe und im Süden an den Crocodile River.
/data/local/tmp/starling-issue-batch/fleurs-validation/de_de_validation_180.wav run=0 audio=9.42s time=1191.6ms rtf=0.1265
  Als die Kämpfe nach dem Transporteten ins Krankenhaus aufhörten, blieben etwa 40 der übrigen Insassen auf dem Hof und weigerten sich in ihre Zellen zurückzukehren.
/data/local/tmp/starling-issue-batch/fleurs-validation/de_de_validation_181.wav run=0 audio=11.46s time=1518.4ms rtf=0.1325
  Es ist Matelis 5. cm innerhalb von vier Jahren.
/data/local/tmp/starling-issue-batch/fleurs-validation/de_de_validation_182.wav run=0 audio=12.72s time=1579.3ms rtf=0.1242
  Wissenschaftler sagen, dass das Gefieder dieses Tieres auf der Oberseite der Kastanienbraun und auf der Unterseite hell oder Karotinfarben war.
/data/local/tmp/starling-issue-batch/fleurs-validation/de_de_validation_183.wav run=0 audio=11.58s time=1567.5ms rtf=0.1354
  Ägypter im antiken Neuen Reich bestaunten die Monumente ihrer Vorfahren, die damals gut tausend Jahre alt waren.
/data/local/tmp/starling-issue-batch/fleurs-validation/de_de_validation_184.wav run=0 audio=4.32s time=756.9ms rtf=0.1752
  Es lohnt sich, eine halbe Stunde durch das faszinierende Dorf zu bummeln.
/data/local/tmp/starling-issue-batch/fleurs-validation/de_de_validation_185.wav run=0 audio=9.60s time=1196.7ms rtf=0.1247
  Auf veristen und verschneitten Straßen ist die Haftung gering und man kann nicht fahren, als befindet man sich auf nackten Asphalt.
/data/local/tmp/starling-issue-batch/fleurs-validation/de_de_validation_186.wav run=0 audio=17.16s time=1878.1ms rtf=0.1094
  Das größte Turnier des Jahres findet im Dezember auf Las Canitas Polowfeldern statt.
/data/local/tmp/starling-issue-batch/fleurs-validation/de_de_validation_187.wav run=0 audio=4.86s time=776.5ms rtf=0.1598
  Manche Festivals haben spezielle Campingbereiche für Familien mit kleinen Kindern.
/data/local/tmp/starling-issue-batch/fleurs-validation/de_de_validation_188.wav run=0 audio=8.94s time=1191.6ms rtf=0.1333
  Wenn man aus der Strömung herauskommt, ist das Zurückschwimmen nicht schwieriger als normal.
/data/local/tmp/starling-issue-batch/fleurs-validation/de_de_validation_189.wav run=0 audio=10.08s time=1194.8ms rtf=0.1185
  Auf einem hundertfuß langen Teilabschnitt läuft Wasser über den Daum.
/data/local/tmp/starling-issue-batch/fleurs-validation/de_de_validation_19.wav run=0 audio=7.20s time=882.7ms rtf=0.1226
  Es ist Mattelis fünfte CEP innerhalb von vier Jahren.
/data/local/tmp/starling-issue-batch/fleurs-validation/de_de_validation_190.wav run=0 audio=7.14s time=928.6ms rtf=0.1301
  Er sagte, dass er eine Velentürlinge gebaut habe.
/data/local/tmp/starling-issue-batch/fleurs-validation/de_de_validation_191.wav run=0 audio=19.86s time=2225.3ms rtf=0.1120
  Es gibt eine Menge sozialer und politischer Effekte wie die Nutzung des mierischen Systems, eine Abwendung vom Abstolutismus hin zum Republikanismus und Nationalismus, sowie der Glaube, dass das Land dem Volk gehört und nicht einem Herrscher allein.
/data/local/tmp/starling-issue-batch/fleurs-validation/de_de_validation_192.wav run=0 audio=9.00s time=1125.4ms rtf=0.1250
  Als er nach einem Kommentar gefragt wurde, sagte Miller, Mike spricht sehr viel während der Anhörung. Ich habe mich vorbereitet und konnte daher nicht richtig hören, was er sagte.
/data/local/tmp/starling-issue-batch/fleurs-validation/de_de_validation_193.wav run=0 audio=10.20s time=1163.4ms rtf=0.1141
  Die Eigenschaften, die eine Subkultur als solche abgrenzen, können sprachliche, ästhetische, religiöse, politische, sexuelle oder geografische Natur oder eine Kombination dieser Faktoren sein.
/data/local/tmp/starling-issue-batch/fleurs-validation/de_de_validation_194.wav run=0 audio=10.56s time=1546.8ms rtf=0.1465
  Da Augen sich über zwei Häfen erstreckt, gibt es viele Strände, die beliebtesten Strände befinden sich in drei Gebieten.
/data/local/tmp/starling-issue-batch/fleurs-validation/de_de_validation_195.wav run=0 audio=9.90s time=1191.5ms rtf=0.1204
  Dies wurde üblich, doch das Eisen sorgte für mehr verschleiß an den hölzernen Rednern.
/data/local/tmp/starling-issue-batch/fleurs-validation/de_de_validation_196.wav run=0 audio=11.28s time=1566.1ms rtf=0.1388
  Sie können in der Dunkelheit mit Nachtsicht sehr gut sehen und sich unbemerkt bewegen. Rotelots jagen ihre Beute, indem sie sich ihre Umgebung optisch angleichen und sich dann auf ihre Beute stürzen.
/data/local/tmp/starling-issue-batch/fleurs-validation/de_de_validation_197.wav run=0 audio=29.58s time=3108.9ms rtf=0.1051
  Schiefahren ist eine beliebte Reisetätigkeit mit vielen Enthusiasten, gelegentlich auch als Skipener bekannt, die ihren gesamten Urlaub um das Schiefahren an einem bestimmten Ort planen.
/data/local/tmp/starling-issue-batch/fleurs-validation/de_de_validation_198.wav run=0 audio=4.86s time=778.0ms rtf=0.1601
  US-Präsident George W. Bush begrüßte die Bekanntgabe.
/data/local/tmp/starling-issue-batch/fleurs-validation/de_de_validation_199.wav run=0 audio=9.60s time=1206.7ms rtf=0.1257
  Als sie das erste Mal ins Ausland reisten, waren die Menschen wahrscheinlich geduldig und verständnisvoll, weil sie wussten, dass sich Reisende in einem neuen Land anpassen müssen.
/data/local/tmp/starling-issue-batch/fleurs-validation/de_de_validation_2.wav run=0 audio=9.00s time=1163.3ms rtf=0.1293
  Der Amazonas ist auch der breiteste Fluss der Erde, teilweise bis zu 6 Meilen breit.
/data/local/tmp/starling-issue-batch/fleurs-validation/de_de_validation_20.wav run=0 audio=5.28s time=924.0ms rtf=0.1750
  Manche Festivals haben spezielle Campingbereiche für Familien mit kleinen Kindern.
/data/local/tmp/starling-issue-batch/fleurs-validation/de_de_validation_200.wav run=0 audio=15.60s time=1934.1ms rtf=0.1240
  Seine Allmacht beherrschte jeden, vom König bis zum einfachen Bürger.
/data/local/tmp/starling-issue-batch/fleurs-validation/de_de_validation_201.wav run=0 audio=10.80s time=1491.0ms rtf=0.1381
  Wir können umweltfreundlicher leben, wir können uns der Umweltbewegung anschließen, und wir können sogar Aktivisten werden, um zukünftiges Leid ein wenig zu linden.
/data/local/tmp/starling-issue-batch/fleurs-validation/de_de_validation_202.wav run=0 audio=8.82s time=1165.7ms rtf=0.1322
  Obwohl sich drei Menschen im Haus befanden, als das Auto hineinraste, wurde keiner von ihnen verletzt.
/data/local/tmp/starling-issue-batch/fleurs-validation/de_de_validation_203.wav run=0 audio=9.60s time=1177.8ms rtf=0.1227
  Mit der Zeit beginnt sich die neue Population an ihre neue Umgebung anzupassen, und dann sieht sie der andere Population immer weniger ähnlich.
/data/local/tmp/starling-issue-batch/fleurs-validation/de_de_validation_204.wav run=0 audio=20.40s time=2133.7ms rtf=0.1046
  Forschung im Bereich KI umfasst die Herstellung von Maschinen zur Automatisierung von Aufgaben, die intelligentes Verhalten erfordern.
/data/local/tmp/starling-issue-batch/fleurs-validation/de_de_validation_205.wav run=0 audio=27.72s time=2927.2ms rtf=0.1056
  Kurierfirmen werden für die schnelle Lieferung von Dingen gut bezahlt. Häufig ist die Zeit ein sehr wichtiger Faktor bei Unternehmensdokumenten, Handelswaren oder Ersatzteilen für dringende Reparaturen.
/data/local/tmp/starling-issue-batch/fleurs-validation/de_de_validation_206.wav run=0 audio=17.16s time=1979.9ms rtf=0.1154
  Laut einigen Berichten beträgt die offizielle Zahl der Todesopfer acht und offizielle Berichte bestätigen, dass bis zu drei Personen verletzt wurden. Allerdings sind noch keine endgültigen Zahlen bekannt.
/data/local/tmp/starling-issue-batch/fleurs-validation/de_de_validation_207.wav run=0 audio=13.56s time=1680.4ms rtf=0.1239
  Die dargestellten Ansichten sind oft oberflächlich, allgemein und im Vergleich zu den detaillierten Informationen, die anderswo zu finden sind, zu stark vereinfacht.
/data/local/tmp/starling-issue-batch/fleurs-validation/de_de_validation_208.wav run=0 audio=11.82s time=2762.7ms rtf=0.2337
  Die meisten Schilder sind jedoch nur in katalanisch angegeben, da es gesetzlich als erste Amtssprache festgelegt ist.
/data/local/tmp/starling-issue-batch/fleurs-validation/de_de_validation_209.wav run=0 audio=18.96s time=2136.4ms rtf=0.1127
  Eine immer beliebtere Option für Menschen, die planen, ein Jahr-Ouh-Zeit zu nehmen, sind Studien- und Kursangebote im Ausland.
/data/local/tmp/starling-issue-batch/fleurs-validation/de_de_validation_21.wav run=0 audio=8.34s time=1157.4ms rtf=0.1388
  Dies wurde üblich, doch dass Eisen sorgte für mehr Verschleiß an den hölzern Rädern der Wagen.
/data/local/tmp/starling-issue-batch/fleurs-validation/de_de_validation_210.wav run=0 audio=4.20s time=769.2ms rtf=0.1832
  US-Präsident George W. Bush begrüßte die Bekanntgabe.
/data/local/tmp/starling-issue-batch/fleurs-validation/de_de_validation_211.wav run=0 audio=18.48s time=2121.2ms rtf=0.1148
  Wissenschaftler sagen, dass die Explosion, die durch den Zusammenschluss bewirkt wurde, gewaltig war.
/data/local/tmp/starling-issue-batch/fleurs-validation/de_de_validation_212.wav run=0 audio=22.50s time=2358.5ms rtf=0.1048
  Es greift auf satellitenbasierte Technologie statt der älteren Technologie auf der Basis von Bodenradar zurück, um den Flugglotzen die präzizere Lokalisierung von Flugzeugen zu ermöglichen und die Piloten mit genaueren Informationen zu versorgen.
/data/local/tmp/starling-issue-batch/fleurs-validation/de_de_validation_213.wav run=0 audio=12.90s time=1662.4ms rtf=0.1289
  Wenn man aus der Strömung herauskommt, ist das Zurückschwimmen nicht schwieriger als normal.
/data/local/tmp/starling-issue-batch/fleurs-validation/de_de_validation_214.wav run=0 audio=14.94s time=1714.0ms rtf=0.1147
  Wissenschaftler denken, dass Ozlertiere zum Fressen beute mit ihren Geruchsinn verfolgen und aufspüren. Sie schnuppern danach, wo sie sich am Boden aufgehalten haben.
/data/local/tmp/starling-issue-batch/fleurs-validation/de_de_validation_215.wav run=0 audio=18.84s time=2150.5ms rtf=0.1141
  Im Land Kanan gibt es keine großen Wälder, so dass Holz extrem teuer war.
/data/local/tmp/starling-issue-batch/fleurs-validation/de_de_validation_216.wav run=0 audio=10.56s time=1468.3ms rtf=0.1390
  Im Christentum ist Weihnachten eine der wichtigsten Feiertage und gilt als Gurtstag von Jesus.
/data/local/tmp/starling-issue-batch/fleurs-validation/de_de_validation_217.wav run=0 audio=13.50s time=1691.9ms rtf=0.1253
  Baldaten Polizisten, die mit Schutzanzügen ausgerüstet waren das Gelände, und drängte die Insassen mit Trenengas in die Ecke.
/data/local/tmp/starling-issue-batch/fleurs-validation/de_de_validation_218.wav run=0 audio=8.10s time=1171.5ms rtf=0.1446
  Einige Patienten haben sich möglicherweise im Krankenhaus mit dem Erreger angesteckt, meint Doktor Mollen. Mindestens zwei waren medizinische Krankenhaus angestellte.
/data/local/tmp/starling-issue-batch/fleurs-validation/de_de_validation_219.wav run=0 audio=11.10s time=1561.0ms rtf=0.1406
  Schließlich wurden die Holzräder durch Eisenrider ersetzt. 1767 wurden die ersten vollständig eisen Schinen eingeführt.
/data/local/tmp/starling-issue-batch/fleurs-validation/de_de_validation_22.wav run=0 audio=8.40s time=1137.6ms rtf=0.1354
  Ring CEO Jamie Siminoff sagte einmal, dass er das Unternehmen gegründet habe, nachdem er von seiner Gardenwerkstatt aus seiner Türklinage nicht hören konnte.
/data/local/tmp/starling-issue-batch/fleurs-validation/de_de_validation_220.wav run=0 audio=9.12s time=1187.1ms rtf=0.1302
  Beispielsweise werden Lernen und Sozialisation als wichtige Motivation für die Internetnutzung vorgebracht, James et Al. 1995.
/data/local/tmp/starling-issue-batch/fleurs-validation/de_de_validation_221.wav run=0 audio=19.08s time=2131.5ms rtf=0.1117
  Die italienische Aussprache ist relativ einfach, da die meisten Wörter genauso ausgesprochen werden, wie sie geschrieben sind.
/data/local/tmp/starling-issue-batch/fleurs-validation/de_de_validation_222.wav run=0 audio=9.84s time=1213.1ms rtf=0.1233
  Skifahren ist eine beliebte Reisetätigkeit mit vielen Enthusiasten, gelegentlich auch als Skipenner bekannt, die ihren gesamten Urlaub rund unter Skifahren an einem bestimmten Ort planen.
/data/local/tmp/starling-issue-batch/fleurs-validation/de_de_validation_223.wav run=0 audio=5.34s time=934.3ms rtf=0.1750
  Sie können die Pyramiden in der Dunkelheit sehen, und während des Stiles Ehe die Show beginnt.
/data/local/tmp/starling-issue-batch/fleurs-validation/de_de_validation_224.wav run=0 audio=11.52s time=1552.4ms rtf=0.1348
  Seine tausendste Briefmarke aus dem Jahr 2000 zeigt das prächtige Gemälde rühmliche Heldentaten schwedischer König, von David Köcher, Ehrenstrahl und ist im Ginesbuch der Rekorder verzeichnet.
/data/local/tmp/starling-issue-batch/fleurs-validation/de_de_validation_225.wav run=0 audio=9.84s time=1217.0ms rtf=0.1237
  Insekten waren die ersten Tiere, die den Himmel eroberten. Ihre Fähigkeit zu fliegen, half ihnen Feinden, leichter auszuweichen und effizienter Nahrung im Geschlechtspartner zu finden.
/data/local/tmp/starling-issue-batch/fleurs-validation/de_de_validation_226.wav run=0 audio=5.28s time=838.7ms rtf=0.1588
  Der größte Teil des Lebens der hebräischen Familie spielt sich unter freiem Himmel ab.
/data/local/tmp/starling-issue-batch/fleurs-validation/de_de_validation_227.wav run=0 audio=9.72s time=1149.2ms rtf=0.1182
  Der Patient hatte sich in Nigeria aufgehalten, wo einige Fälle des Ebula-Viruses auftraten.
/data/local/tmp/starling-issue-batch/fleurs-validation/de_de_validation_228.wav run=0 audio=10.50s time=1521.4ms rtf=0.1449
  Dies in Kombination mit seiner relativen Unzugänglichkeit hat dem Buktu zu einer Metapher für exotische Fernländer werden lassen.
/data/local/tmp/starling-issue-batch/fleurs-validation/de_de_validation_229.wav run=0 audio=8.16s time=1191.7ms rtf=0.1460
  Die NHK berichtete zudem, dass das Atomkraftwerk von Kariasaki Kariva in der Präfektur inark im normalen Betrieb war.
/data/local/tmp/starling-issue-batch/fleurs-validation/de_de_validation_23.wav run=0 audio=11.28s time=1538.2ms rtf=0.1364
  Bush-Sprecher Jordan John Row nannte das Versprechen Nordkoreas einen wichtigen Schritt in Richtung des Ziels, die verifizierbare Entularisierung der koreanischen Halbinsel zu erreichen.
/data/local/tmp/starling-issue-batch/fleurs-validation/de_de_validation_230.wav run=0 audio=5.28s time=851.1ms rtf=0.1612
  Dann übernahm Lakers die Leitung beim Singen des Bajans.
/data/local/tmp/starling-issue-batch/fleurs-validation/de_de_validation_231.wav run=0 audio=12.72s time=1633.4ms rtf=0.1284
  Auch wenn die Bezeichnung Zigeuner vor allem von Nicht-Roma verbreitet verwendet wird, wird sie oftmals als beleidigend aufgefasst, damit ihr negativ Stereotype und ungenaue Warnung der Roma assoziiert werden.
/data/local/tmp/starling-issue-batch/fleurs-validation/de_de_validation_232.wav run=0 audio=16.68s time=1953.8ms rtf=0.1171
  Zu dieser Schlussfolgerung kam sie aufgrund der zahlreichen positiven Kommentare und der Ermutigung, die sie sowohl von Männern als auch von Frauen erhielt, die darauf drängten, dass Verhütungsmittel als medizinische Notwendigkeit angesehen werden sollen.
/data/local/tmp/starling-issue-batch/fleurs-validation/de_de_validation_233.wav run=0 audio=5.52s time=905.9ms rtf=0.1641
  Da protag nur 18 Medaillen zur Verfügung stehen, hat es eine Anzahl an Ländern nicht auf das Podium geschafft.
/data/local/tmp/starling-issue-batch/fleurs-validation/de_de_validation_234.wav run=0 audio=4.50s time=763.1ms rtf=0.1696
  Die wichtigste Religion in Moldavien ist die christlich Orthodoxe.
/data/local/tmp/starling-issue-batch/fleurs-validation/de_de_validation_235.wav run=0 audio=14.58s time=1736.7ms rtf=0.1191
  Beispiele für Aktivitäten vor Ort sind Jagen, Angeln, Fotografie, Vogelbeobachtung, der Besuch von Parks und das Lernen von Informationen über das Ökosystem.
/data/local/tmp/starling-issue-batch/fleurs-validation/de_de_validation_236.wav run=0 audio=16.14s time=1940.7ms rtf=0.1202
  Die jawanische Küche, die heute überall auf der Inselgruppe verbreitet ist, bietet eine Vielzahl von einfach gewürzten Gerichten. Als Geschmacksträger bevorzugen die Japaner dabei Erdnüsse, Chilis, Zucker, besonders jawanische Kokosblütenzucker und eine Reihe von aromatischen Gewürzen.
/data/local/tmp/starling-issue-batch/fleurs-validation/de_de_validation_237.wav run=0 audio=10.98s time=1545.3ms rtf=0.1407
  Insekten waren die ersten Tiere, die den Himmel eroberten. Ihre Fähigkeit zu fliegen, half ihnen Feinden, leichter auszuweichen und effizienter Nahrung und Geschlechtspartner zu finden.
/data/local/tmp/starling-issue-batch/fleurs-validation/de_de_validation_238.wav run=0 audio=14.10s time=1738.2ms rtf=0.1233
  Ägypter im antiken Neuen Reich bestanden die Monumente ihrer Vorfahren, die damals gut tausend Jahre alt waren.
/data/local/tmp/starling-issue-batch/fleurs-validation/de_de_validation_239.wav run=0 audio=8.82s time=1104.5ms rtf=0.1252
  Auf dem Friedhof gibt es über einigen Gräbern interessante Marmorskulpturen von Tauben.
/data/local/tmp/starling-issue-batch/fleurs-validation/de_de_validation_24.wav run=0 audio=11.04s time=1585.1ms rtf=0.1436
  Erwarnt davor, dass niemand garantieren kann, dass irgendeine Vorgehensweise im Irak zu diesem Zeitpunkt die säktire Kriegsführung die wachsende Gewalt oder ein abgleitendes Chaos stoppen wird.
/data/local/tmp/starling-issue-batch/fleurs-validation/de_de_validation_240.wav run=0 audio=24.18s time=2722.7ms rtf=0.1126
  Diese Theorien liegen nahe, dass Menschen bestimmte Bedürfnisse und oder Wünsche haben, die im Laufe ihres erwachsenen Werdens verinnert werden.
/data/local/tmp/starling-issue-batch/fleurs-validation/de_de_validation_241.wav run=0 audio=10.98s time=1525.5ms rtf=0.1389
  Salzwasserkrokodile leben nicht aktiv im Meer, ihr primäre Lebensraum ist in Flußmündungen, nördlich von Rohemphem.
/data/local/tmp/starling-issue-batch/fleurs-validation/de_de_validation_242.wav run=0 audio=4.56s time=780.0ms rtf=0.1711
  Das Ergebnis der Plotting Analyse wird auf einer öffentlichen Website publiziert.
/data/local/tmp/starling-issue-batch/fleurs-validation/de_de_validation_243.wav run=0 audio=20.40s time=2206.6ms rtf=0.1082
  In Japan wurden die ersten Kirschblütenfeste vom Kaiser, nur für sich selbst und andere Adelsangehörige im Umfeld des kaiserlichen Hofs abgehalten.
/data/local/tmp/starling-issue-batch/fleurs-validation/de_de_validation_244.wav run=0 audio=11.16s time=1537.4ms rtf=0.1378
  Der nördliche Teil oder die Sentinel Range hat die höchsten Berge der Antarktis, das Winzenmassiv, dessen höchster Gipfel mit 4.892 m der Mauer-Winzen ist.
/data/local/tmp/starling-issue-batch/fleurs-validation/de_de_validation_245.wav run=0 audio=18.06s time=2350.3ms rtf=0.1301
  Bitte behandeln Sie diese Städte mit der Würde, der Furcht und dem Respekt, die ihr gebühren. Machen Sie keine Witze über den Holocaust oder die Nazis.
/data/local/tmp/starling-issue-batch/fleurs-validation/de_de_validation_246.wav run=0 audio=8.64s time=2254.4ms rtf=0.2609
  Der Park hat eine Fläche von 19.500 km und ist in 14 verschiedene Ökozonen aufgeteilt, von denen jeder eine andere Tierwelt unterstützt.
/data/local/tmp/starling-issue-batch/fleurs-validation/de_de_validation_247.wav run=0 audio=8.82s time=1170.8ms rtf=0.1327
  Robin Utaha erreichte die höchste Punktzahl der Innings, 70 Punkte bei nur 41 Bällen, indem er 11 Vierer und 26 schlug.
/data/local/tmp/starling-issue-batch/fleurs-validation/de_de_validation_248.wav run=0 audio=11.52s time=1482.8ms rtf=0.1287
  Der Bericht fängt an mit der Bitte um einen offenen Diskurs und um Konsensbildung in den USA über eine Strategie für den Mittleren Osten.
/data/local/tmp/starling-issue-batch/fleurs-validation/de_de_validation_249.wav run=0 audio=16.86s time=1957.7ms rtf=0.1161
  Das Hauptziel der Wissenschaft ist es, mit Hilfe der wissenschaftlichen Methode herauszufinden, wie die Welt funktioniert. Diese Methode ist in der Tat die Basis der meisten wissenschaftlichen Untersuchungen.
/data/local/tmp/starling-issue-batch/fleurs-validation/de_de_validation_25.wav run=0 audio=17.40s time=1947.3ms rtf=0.1119
  Die Kriegsausgaben der US-Imperialisten, bei der Eroberung der Philippinen, wurden vom philippinischen Volk selbst getragen.
/data/local/tmp/starling-issue-batch/fleurs-validation/de_de_validation_250.wav run=0 audio=11.34s time=1418.9ms rtf=0.1251
  Die Araba brachten auch den Islam ins Land, und auf den Komoren und in Mayotte war er sehr erfolgreich.
/data/local/tmp/starling-issue-batch/fleurs-validation/de_de_validation_251.wav run=0 audio=22.98s time=2216.5ms rtf=0.0965
  Gerichten zufolge dauerten ausgedehnte Blünderungen die Nacht über an, während Polizeibeamte keine Präsenz auf den Straßen Bischeks zeigte.
/data/local/tmp/starling-issue-batch/fleurs-validation/de_de_validation_252.wav run=0 audio=23.28s time=2639.6ms rtf=0.1134
  Israel verlangt eine Militärpräsence im Jordan von 10 Jahren ab der Unterzeichnung der Vereinbarung. Die Palästinenserbehörde hingegen will eine solche Präsenz nur für 5 Jahre akzeptieren.
/data/local/tmp/starling-issue-batch/fleurs-validation/de_de_validation_253.wav run=0 audio=18.36s time=2568.3ms rtf=0.1399
  Vor tausenden von Jahren behauptete ein Mann namens Aristarch, dass die Sonne im Mittelpunkt der Bewegungen des Sonnensystems steht.
/data/local/tmp/starling-issue-batch/fleurs-validation/de_de_validation_254.wav run=0 audio=14.52s time=1711.2ms rtf=0.1179
  Der sehbehinderte polnische Skifahrer Mache Kretchel und die Begleitläuferin Anna Ogardinska belegten im Supergi den 13. Platz, der Südkorner Jong Sir belegte im Suppi der Männer den 24. Platz.
/data/local/tmp/starling-issue-batch/fleurs-validation/de_de_validation_255.wav run=0 audio=23.46s time=2582.7ms rtf=0.1101
  Der Endstand war ein Sieg mit einem Punktvorschwung von 21 zu 20, der die Erfolgsserie der All Blacks von 15 Spielen beendete.
/data/local/tmp/starling-issue-batch/fleurs-validation/de_de_validation_256.wav run=0 audio=38.82s time=4448.1ms rtf=0.1146
  Der in Panik versetzte König Ludwig XIV, König Marie Antoinette, ihre beiden kleinen Kinder, die 11 Jahre alte Marie Therese und the 4 Jahre alte Louis Chain, sowie die Schwester des Königs Madame Elisabeth, wurden am 6. Oktober 1789 in Versailles von einem Mob aus Marktfrauen zurück nach Paris gezwungen.
/data/local/tmp/starling-issue-batch/fleurs-validation/de_de_validation_257.wav run=0 audio=14.82s time=1668.1ms rtf=0.1126
  Das wichtigste lokale Bier ist Number. Es ist kein komplexes Bier, aber angenehm und erfrischend. Das andere lokale Bier heißt Manta.
/data/local/tmp/starling-issue-batch/fleurs-validation/de_de_validation_258.wav run=0 audio=11.16s time=1482.7ms rtf=0.1329
  Die dargestellten Ansichten sind oft oberflächlich allgemein und im Vergleich zu den sich, die anders wo zu finden sind, zu stark vereinfacht.
/data/local/tmp/starling-issue-batch/fleurs-validation/de_de_validation_259.wav run=0 audio=18.12s time=1996.8ms rtf=0.1102
  Wenn Sie jemanden den Anrufen, der tausende von Meilen entfernt ist, dann nützen Sie einen Satelliten.
/data/local/tmp/starling-issue-batch/fleurs-validation/de_de_validation_26.wav run=0 audio=13.38s time=1722.5ms rtf=0.1287
  Ein ehemaliger philippinischer Polizist hat Touristen aus Hongkong als Geiseln genommen, indem er ihren Bus in Manila, der Hauptstadt der Philippinen, entführte.
/data/local/tmp/starling-issue-batch/fleurs-validation/de_de_validation_260.wav run=0 audio=21.06s time=2239.4ms rtf=0.1063
  Die Richten zufolge dauerten ausgedehnte Plünderungen die Nacht überan, während Polizeibeamte keine Präsenz auf den Straßenbeschäftszeiten.
/data/local/tmp/starling-issue-batch/fleurs-validation/de_de_validation_261.wav run=0 audio=8.46s time=1131.2ms rtf=0.1337
  Safari sind vielleicht die größte Touristentraktion in Afrika und der Höhepunkt für viele Besucher.
/data/local/tmp/starling-issue-batch/fleurs-validation/de_de_validation_262.wav run=0 audio=11.82s time=1417.8ms rtf=0.1199
  Er sagte, dass er eine Villa-Türkine gebaut habe.
/data/local/tmp/starling-issue-batch/fleurs-validation/de_de_validation_263.wav run=0 audio=10.80s time=1481.1ms rtf=0.1371
  Der Mexikaner Aliz kam beim Super J-Heeren sitzend als 15 ins Ziel. Der Neuseeländer Adam Hall kam beim Super G-Hehren stehend als Neunter in das Ziel.
/data/local/tmp/starling-issue-batch/fleurs-validation/de_de_validation_264.wav run=0 audio=20.10s time=2136.5ms rtf=0.1063
  Rings Simiff sagte einmal, dass er das Unternehmen gegründet habe. Nachdem er von seiner Garagenwerkstatt aus seine Türklängel nicht hören konnte.
/data/local/tmp/starling-issue-batch/fleurs-validation/de_de_validation_265.wav run=0 audio=9.54s time=1120.3ms rtf=0.1174
  Der Park hat eine Fläche von 19.500 km und ist in 14 verschiedene Ökozonen aufgeteilt, von denen jeder wird unterstützt.
/data/local/tmp/starling-issue-batch/fleurs-validation/de_de_validation_266.wav run=0 audio=8.28s time=1085.6ms rtf=0.1311
  Ein Satellitentelefon ist generell kein Ersatz für ein Mobiltelefon, da man draußen und klarer Sichtlinie eines Satellitien sein muss, um einen Anruf zu tätigen.
/data/local/tmp/starling-issue-batch/fleurs-validation/de_de_validation_267.wav run=0 audio=10.14s time=1183.8ms rtf=0.1167
  Frauen sollten erkennen, dass kulturelle Unterschiede zu dem führen können, was sie als Übergriff betrachten würden, und dass es nicht ungewöhnlich ist, verfolgt im Arm gepackt und so weiter zu werden.
/data/local/tmp/starling-issue-batch/fleurs-validation/de_de_validation_268.wav run=0 audio=10.08s time=1167.7ms rtf=0.1158
  Da Augen sich über zwei Hälfen erstreckt, gibt es viele Strände, die beliebtesten Strände befinden sich in drei Gebieten.
/data/local/tmp/starling-issue-batch/fleurs-validation/de_de_validation_269.wav run=0 audio=7.20s time=893.1ms rtf=0.1240
  Dennoch wurden 80% unserer Waren in zentrale Ländern mit Zöllen belegt. Wir kümmern uns um sie.
/data/local/tmp/starling-issue-batch/fleurs-validation/de_de_validation_27.wav run=0 audio=15.54s time=1934.6ms rtf=0.1245
  Curiefirmen werden für die schnelle Lieferung von Dingen gut bezahlt. Häufig ist die Zeit ein sehr wichtiger Faktor bei Unternehmensdokumenten, Helswaren oder Ersatzteilen für dringende Reparaturen.
/data/local/tmp/starling-issue-batch/fleurs-validation/de_de_validation_270.wav run=0 audio=22.56s time=2267.7ms rtf=0.1005
  In vielen Fällen kann die Teilnahme in einem Auslands-Überbrückungslehrprogramm ihre Chancen auf eine Hochschulausbildung in ihrem Heimatland tatsächlich verbessern.
/data/local/tmp/starling-issue-batch/fleurs-validation/de_de_validation_271.wav run=0 audio=12.54s time=1598.6ms rtf=0.1275
  Bush-Sprecher Gordon Din Row nannte das Versprechen Nordkoreas einen wichtigen Schritt in Richtung des Ziels, die verifizierbare Enuklearisierung der koreanischen Halbinsel zu erreichen.
/data/local/tmp/starling-issue-batch/fleurs-validation/de_de_validation_272.wav run=0 audio=12.48s time=1629.9ms rtf=0.1306
  In den Vereinigten Staaten von Amerika gibt es etwa 4000 bekannte Fälle von Multiple Sklerose MS, womit sie die am weitesten verbreitete neurologische Krankheit bei erwachsenen Jüngern und mittleren Alters ist.
/data/local/tmp/starling-issue-batch/fleurs-validation/de_de_validation_273.wav run=0 audio=15.54s time=1850.2ms rtf=0.1191
  Virtuelle Exkursionen stellen eine technische Lösung dar, die Schüler können vom Klassenzimmer aus, Museumsstücke betrachten, ein Aquarium besuchen oder schöne Kunstwerke bewundern.
/data/local/tmp/starling-issue-batch/fleurs-validation/de_de_validation_274.wav run=0 audio=17.16s time=1845.2ms rtf=0.1075
  Jegliche Änderungen oder Anfragen sollten jedoch zuerst an das Reisebüro und nicht direkt an das Hotel gerichtet werden.
/data/local/tmp/starling-issue-batch/fleurs-validation/de_de_validation_275.wav run=0 audio=10.68s time=1556.5ms rtf=0.1457
  Virtuelle Exkursionen stellen eine technische Lösung dar, die Schüler können von Klassenzimmer aus Museumsstücke betrachten, ein Aquarium besuchen oder schöne Kunstwerke bewundern.
/data/local/tmp/starling-issue-batch/fleurs-validation/de_de_validation_276.wav run=0 audio=15.00s time=1788.7ms rtf=0.1192
  Als er nach einem Kommentar gefragt wurde, sagte Miller: Mike spricht sehr viel während der Anhörung, ich habe mich vorbereitet und konnte daher nicht richtig hören, was er sagte.
/data/local/tmp/starling-issue-batch/fleurs-validation/de_de_validation_277.wav run=0 audio=14.52s time=1750.5ms rtf=0.1206
  Er hatte zudem keine Befugnis, Steuergesetze und Zölle zwischen Bundesstaaten außer Kraft zu setzen.
/data/local/tmp/starling-issue-batch/fleurs-validation/de_de_validation_278.wav run=0 audio=16.02s time=1845.8ms rtf=0.1152
  Kurierfirmen werden für die Schnelllieferung von denen gut bezahlt. Häufig ist die Zeit ein sehr wichtiger Faktor, bei Unternehmensdokumenten, Handelsfahren oder Ersatzteilen von dringenden Reparaturen.
/data/local/tmp/starling-issue-batch/fleurs-validation/de_de_validation_279.wav run=0 audio=18.36s time=2035.9ms rtf=0.1109
  Die ersten Fälle der Krankheit dieser Saison wurden Ende Juli gemeldet.
/data/local/tmp/starling-issue-batch/fleurs-validation/de_de_validation_28.wav run=0 audio=9.84s time=1169.3ms rtf=0.1188
  Der Winter kann trügerisch kühl sein. Die Temperaturen gehen selten unter den Gefrierpunkt, aber Wind und Feuchtigkeit führen dazu, dass es sich kälter anfühlt als das, was das Thermometer anzeigt.
/data/local/tmp/starling-issue-batch/fleurs-validation/de_de_validation_280.wav run=0 audio=10.92s time=1505.5ms rtf=0.1379
  Die meisten Schilder sind jedoch nur in katalanisch angegeben, da es gesetzlich als erste Amtssprache festgelegt ist.
/data/local/tmp/starling-issue-batch/fleurs-validation/de_de_validation_281.wav run=0 audio=5.52s time=842.4ms rtf=0.1526
  Wissenschaftler sagen, dass die Explosion, die durch den Zusammenstoß bewirkt wurde, gewaltig war.
/data/local/tmp/starling-issue-batch/fleurs-validation/de_de_validation_282.wav run=0 audio=32.46s time=3380.1ms rtf=0.1041
  Der Goldmedaillengewinner bei Olympischen Spielen sollte bei den Common Wales Games in den Disziplinen 100 Meter und 200 Meter Freistil, so wie in drei Lagenstaffeln schwimmen, aber wegen seiner vielen Beschwerden wurde seine Fitness angezweifelt.
/data/local/tmp/starling-issue-batch/fleurs-validation/de_de_validation_283.wav run=0 audio=7.32s time=838.5ms rtf=0.1145
  Nach dem Erlebnis der Schrecken und Gräueltaten im Ersten Weltkrieg wollten die Nationen eine weitere solche Situation in der Zukunft vermeiden.
/data/local/tmp/starling-issue-batch/fleurs-validation/de_de_validation_284.wav run=0 audio=9.78s time=1063.6ms rtf=0.1088
  Der Kruga National Park KNP liegt im Nordosten von Südafrika, er grenzt im Osten an Musambik, im Norden an Zimbabwe und im Süden an die Crocodile River.
/data/local/tmp/starling-issue-batch/fleurs-validation/de_de_validation_285.wav run=0 audio=13.20s time=1669.8ms rtf=0.1265
  Einige Tiere wie Elefanten und Kiraffen neigen dazu, sich dicht an Autos anzunähern, und die Standardausrüstung ermöglicht eine gute Sicht.
/data/local/tmp/starling-issue-batch/fleurs-validation/de_de_validation_286.wav run=0 audio=11.76s time=1560.5ms rtf=0.1327
  In vielen Fällen kann die Teilnahme in einem Auslandsüberbrücke Programm Ihre Chancen auf eine Hochschulausbildung in ihrem Heimatland tatsächlich verbessern.
/data/local/tmp/starling-issue-batch/fleurs-validation/de_de_validation_287.wav run=0 audio=20.04s time=2185.8ms rtf=0.1091
  Babasyan wurden 108 Tälle. Chapab im Hinduismus, 56 verschiedene esbare Dinge wie Süßigkeiten, Früchte, Nüsse, Gerichte und so weiter, die der Gottheit dargebracht werden serviert.
/data/local/tmp/starling-issue-batch/fleurs-validation/de_de_validation_288.wav run=0 audio=12.72s time=1532.6ms rtf=0.1205
  Das wichtigste lokale Bier ist Nummer. Es ist kein komplexes Bier, aber angenehm unterfrischend. Das andere lokale Bier heißt man.
/data/local/tmp/starling-issue-batch/fleurs-validation/de_de_validation_289.wav run=0 audio=8.94s time=1159.5ms rtf=0.1297
  In diesem tsamischen Pendelverkehr sind alle in gewisser Weise mit einem Transportsystem verbunden, das auf dem privaten PKW basiert und unterstützen ist.
/data/local/tmp/starling-issue-batch/fleurs-validation/de_de_validation_29.wav run=0 audio=27.36s time=2884.1ms rtf=0.1054
  Von den 1400 Personen, die vor den Bundeswahlen 2010 befragt wurden, hat der Anteil derjenigen, die sich dagegen aussprechen, dass Australien zur Republik wird, seit 2008 um 8% zugenommen.
/data/local/tmp/starling-issue-batch/fleurs-validation/de_de_validation_290.wav run=0 audio=8.64s time=1187.7ms rtf=0.1375
  Er hatte zudem keine Befugnisse, Steuergesetze und Zölle zwischen Bundesstaaten außer Kraft zu setzen.
/data/local/tmp/starling-issue-batch/fleurs-validation/de_de_validation_291.wav run=0 audio=7.32s time=957.8ms rtf=0.1308
  Dennoch wurden 80% unserer Waren in zentrale Ländern mit Zöllen belegt. Wir kümmern uns um sie.
/data/local/tmp/starling-issue-batch/fleurs-validation/de_de_validation_292.wav run=0 audio=13.68s time=1707.5ms rtf=0.1248
  Die Forscher behaupteten, dass obwohl dies der Schwanz eines jungen Dinosauriers ist, die Probe, dass Gefieder eines Erwachsenen und keines Küchendauer zeigt.
/data/local/tmp/starling-issue-batch/fleurs-validation/de_de_validation_293.wav run=0 audio=16.26s time=2003.1ms rtf=0.1232
  Die italienische Aussprache ist relativ einfach, da die meisten Wörter genauso ausgesprochen werden, wie sie geschrieben sind.
/data/local/tmp/starling-issue-batch/fleurs-validation/de_de_validation_294.wav run=0 audio=10.32s time=1573.3ms rtf=0.1525
  Das Hauptziel der Wissenschaft ist es, mit Hilfe der wissenschaftlichen Methode herauszufinden, wie die Welt funktioniert. Diese Methode ist in der Tat die Basis der meisten wissenschaftlichen Untersuchungen.
/data/local/tmp/starling-issue-batch/fleurs-validation/de_de_validation_295.wav run=0 audio=8.76s time=1166.6ms rtf=0.1332
  Das Ergebnis der Platinanalyse wird auf einer öffentlichen Website publiziert.
/data/local/tmp/starling-issue-batch/fleurs-validation/de_de_validation_296.wav run=0 audio=13.20s time=1821.2ms rtf=0.1380
  Die Spanier begannen die Kolonisierungszeit die 3hunderte andauerte.
/data/local/tmp/starling-issue-batch/fleurs-validation/de_de_validation_297.wav run=0 audio=12.00s time=1530.5ms rtf=0.1275
  Einige Patienten, haben sich möglicherweise im Krankenhaus mit dem Erreger angesteckt, mein Doktor, und mindestens zwei waren medizinische Krankenhaus angestellte.
/data/local/tmp/starling-issue-batch/fleurs-validation/de_de_validation_298.wav run=0 audio=4.68s time=750.4ms rtf=0.1603
  Die ersten Fälle der Krankheit dieser Saison wurden Ende Juli gemeldet.
/data/local/tmp/starling-issue-batch/fleurs-validation/de_de_validation_299.wav run=0 audio=5.64s time=955.3ms rtf=0.1694
  Die osafrikanischen Inseln befinden sich im Indischen Ozean vor der Ostküste Afrikas.
/data/local/tmp/starling-issue-batch/fleurs-validation/de_de_validation_3.wav run=0 audio=12.36s time=1599.3ms rtf=0.1294
  Die Wissenschaft weist nun darauf hin, dass diese massive Kohlenstoffwirtschaft die Biosphäre aus einem ihrer stabilen Zustände, der die menschliche Evolution in den letzten zwei Millionen Jahren getragen hat, herausgebracht hat.
/data/local/tmp/starling-issue-batch/fleurs-validation/de_de_validation_30.wav run=0 audio=9.72s time=1120.4ms rtf=0.1153
  Die meisten Bezirke werden durch kleine japanische Coosterbusse befahren, die gemütlich und stabil sind.
/data/local/tmp/starling-issue-batch/fleurs-validation/de_de_validation_31.wav run=0 audio=12.96s time=1774.3ms rtf=0.1369
  Die dargestellten Ansichten sind oft oberflächlich allgemein und im Vergleich zu den detaillieren Informationen, die anderswo zu finden sind, zu stark vereinfacht.
/data/local/tmp/starling-issue-batch/fleurs-validation/de_de_validation_32.wav run=0 audio=26.10s time=2838.1ms rtf=0.1087
  Virtuelle Exkursionen stellen eine technische Lösung dar. Die Schüler können vom Klassenzimmer aus Museumsstücke betrachten, ein Aquarium besuchen oder schöne Kunstwerke bewundern.
/data/local/tmp/starling-issue-batch/fleurs-validation/de_de_validation_33.wav run=0 audio=5.64s time=910.2ms rtf=0.1614
  Es ist Mattelles fünfte CEP innerhalb von vier Jahren.
/data/local/tmp/starling-issue-batch/fleurs-validation/de_de_validation_34.wav run=0 audio=13.02s time=1847.3ms rtf=0.1419
  Das Hauptziel der Wissenschaft ist es, mit Hilfe der wissenschaftlichen Methode herauszufinden, wie die Welt funktioniert. Diese Methode ist in der Tat die Basis der meisten wissenschaftlichen Untersuchungen.
/data/local/tmp/starling-issue-batch/fleurs-validation/de_de_validation_35.wav run=0 audio=7.80s time=1189.6ms rtf=0.1525
  Nach dem Erlebnis der Schrecken und Gröltaten im ersten Weltkrieg wollten die Nationen eine weitere solche Situation in der Zukunft vermeiden.
/data/local/tmp/starling-issue-batch/fleurs-validation/de_de_validation_36.wav run=0 audio=15.12s time=1761.6ms rtf=0.1165
  Es lohnt sich, eine halbe Stunde durch das faszinierende Dorf zu bummeln.
/data/local/tmp/starling-issue-batch/fleurs-validation/de_de_validation_37.wav run=0 audio=13.92s time=1705.1ms rtf=0.1225
  Wissenschaftler sagen, dass das Gefieder dieses Tieres auf der Oberseite Kastanienbraun und auf der Unterseite hell oder Karotin farben war.
/data/local/tmp/starling-issue-batch/fleurs-validation/de_de_validation_38.wav run=0 audio=12.72s time=1618.6ms rtf=0.1272
  Es gibt eine Menge soziale und politischer Effekte wie die Nutzung des märischen Systems, eine Abwendung vom Absolutismus hin zum Republikanismus und Nationalismus, sowie der Glaube, dass das Land im Volk gehört und nicht einem Herrscher alleint.
/data/local/tmp/starling-issue-batch/fleurs-validation/de_de_validation_39.wav run=0 audio=28.02s time=3033.2ms rtf=0.1083
  Dieses neue Umfeld hat andere Ressourcen und andere Konkurrenten, so dass die neue Bevölkerung andere Merkmale oder Anpassungen benötigt, um ein starker Konkurrent zu sein, als das, was sie vorher gebraucht hat.
/data/local/tmp/starling-issue-batch/fleurs-validation/de_de_validation_4.wav run=0 audio=15.48s time=1933.1ms rtf=0.1249
  Ein Kurs deckt alle hier diskutierten Probleme in der Regel viel detaillierter ab, normalerweise in Kombination mit praktischer Erfahrung.
/data/local/tmp/starling-issue-batch/fleurs-validation/de_de_validation_40.wav run=0 audio=20.58s time=2341.5ms rtf=0.1138
  Die ursprüngliche Population hat sich überhaupt nicht verändert. Sie braucht noch immer dieselben Anpassungen wie zuvor.
/data/local/tmp/starling-issue-batch/fleurs-validation/de_de_validation_41.wav run=0 audio=8.58s time=1113.8ms rtf=0.1298
  Drei weitere Bomben detonierten binnen zwei Stunden unweit von Regierungsgebäuden.
/data/local/tmp/starling-issue-batch/fleurs-validation/de_de_validation_42.wav run=0 audio=10.44s time=1544.6ms rtf=0.1479
  Ich weiß nicht, ob Sie das wussten, aber die meisten Waren aus Mittelamerika kamen zollfrei in unser Land.
/data/local/tmp/starling-issue-batch/fleurs-validation/de_de_validation_43.wav run=0 audio=15.36s time=2343.1ms rtf=0.1525
  Die marokinische Küche basiert wie die in ähnlichen Gebieten des Mittelmeers auf Brot, Gemüse und Fleisch, insbesondere Schweinefleisch, und verwendet stets Olivenöl.
/data/local/tmp/starling-issue-batch/fleurs-validation/de_de_validation_44.wav run=0 audio=10.56s time=1600.1ms rtf=0.1515
  Forschung im Bereich KI umfasst die Herstellung von Maschinen zur Automatisierung von Aufgaben, die intelligentes Verhalten erfordern.
/data/local/tmp/starling-issue-batch/fleurs-validation/de_de_validation_45.wav run=0 audio=10.38s time=1497.6ms rtf=0.1443
  Aufgrund der großen Entfernung vom Kontinent waren Säugetiere nicht in der Lage, die Reise anzutreten, was die Riesenschildkröte zum Hauptweitier auf den Galápagos-Inseln machte.
/data/local/tmp/starling-issue-batch/fleurs-validation/de_de_validation_46.wav run=0 audio=14.52s time=1771.0ms rtf=0.1220
  Diese Kombination mit seiner relativen Unzugänglichkeit hat Timbuktu zu einer Metapher für exotische Ferne Länder werden lassen.
/data/local/tmp/starling-issue-batch/fleurs-validation/de_de_validation_47.wav run=0 audio=13.44s time=1729.4ms rtf=0.1287
  Bevor eine Organisation innovativ sein kann, muss die Führung eine Kultur der Innovation sowie des geteilten Wissens und des organisatorischen Lernens entwickeln.
/data/local/tmp/starling-issue-batch/fleurs-validation/de_de_validation_48.wav run=0 audio=4.98s time=766.6ms rtf=0.1539
  Im Land Kanaan gab es keine großen Wälder, so dass Holz extrem teuer war.
/data/local/tmp/starling-issue-batch/fleurs-validation/de_de_validation_49.wav run=0 audio=14.88s time=1720.3ms rtf=0.1156
  Der tibhetanische Buddhismus, basiert auf den leeren Buddhas, wurde aber um den Fash der Liebe des Mahayana, und zahlreiche Techniken des indischen Yoga erweitert.
/data/local/tmp/starling-issue-batch/fleurs-validation/de_de_validation_5.wav run=0 audio=6.66s time=1005.8ms rtf=0.1510
  Handgefertigte Produkte können als antik bezeichnet werden, obwohl sie jünger als ähnliche Erzeugnisse aus Massenproduktion sind.
/data/local/tmp/starling-issue-batch/fleurs-validation/de_de_validation_50.wav run=0 audio=9.12s time=1219.3ms rtf=0.1337
  Im Prinzip ist der tibitanische Buddhismus sehr einfach. Er besteht aus Konhalini, Yoga, Meditation und dem Vater der allumfassenden Liebe.
/data/local/tmp/starling-issue-batch/fleurs-validation/de_de_validation_51.wav run=0 audio=11.52s time=1534.2ms rtf=0.1332
  Einige Patienten haben sich möglicherweise im Krankenhaus mit erreger angestellt, mein Doktor Mul, und mindestens zwei waren medizinische Krankenhausangestellte.
/data/local/tmp/starling-issue-batch/fleurs-validation/de_de_validation_52.wav run=0 audio=10.20s time=1170.1ms rtf=0.1147
  Der Kruga National Park KNP liegt im Nordosten von Südafrika, er grenzt im Osten an Musambik, im Norden an Zimbabwe und im Süden an die Crocodile River.
/data/local/tmp/starling-issue-batch/fleurs-validation/de_de_validation_53.wav run=0 audio=10.86s time=1655.9ms rtf=0.1525
  Außerdem verfügen einige Sättel, insbesondere englische Sättel über Sicherheitsbügel, die es ermöglichen, dass ein Steigbügelriben vom Sattelfell, sobald er von einem stürzenden Reiter nach hinten gezogen wird.
/data/local/tmp/starling-issue-batch/fleurs-validation/de_de_validation_54.wav run=0 audio=13.38s time=1763.6ms rtf=0.1318
  Der Satellit im Weltraum empfängt den Anruf und refekiert ihn dann sofort zurück nach Unten.
/data/local/tmp/starling-issue-batch/fleurs-validation/de_de_validation_55.wav run=0 audio=5.22s time=936.3ms rtf=0.1794
  Das Ergebnis der Plotting-Analyse wird auf einer öffentlichen Webseite publiziert.
/data/local/tmp/starling-issue-batch/fleurs-validation/de_de_validation_56.wav run=0 audio=7.32s time=900.2ms rtf=0.1230
  Dies in Kombination mit seiner relativen Unzugänglichkeit hat dem Buchtu zu einer Metapher für exotische Fernländer werden lassen.
/data/local/tmp/starling-issue-batch/fleurs-validation/de_de_validation_57.wav run=0 audio=12.18s time=1629.4ms rtf=0.1338
  Zu Beginn war die Kleidungsstark von der Kultur Bisands im Osten geprägt.
/data/local/tmp/starling-issue-batch/fleurs-validation/de_de_validation_58.wav run=0 audio=11.82s time=1496.5ms rtf=0.1266
  Die marokinische Küche basiert wie die in ähnlichen Gebieten des Mittelmeers: auf Brot, Gemüse und Fleisch, insbesondere Schweinfleisch, und verwendet stets Olivenöl.
/data/local/tmp/starling-issue-batch/fleurs-validation/de_de_validation_59.wav run=0 audio=15.00s time=1838.6ms rtf=0.1226
  Bevor eine Organisation innovativ sein kann, muss die Führung eine Kultur der Innovation, sowie des geteilten Wissens und des organisatorischen Lernens entwickeln.
/data/local/tmp/starling-issue-batch/fleurs-validation/de_de_validation_6.wav run=0 audio=5.40s time=911.2ms rtf=0.1687
  Das erschien mir nicht sinnvoll. Es war ganz gewiss nicht fair.
/data/local/tmp/starling-issue-batch/fleurs-validation/de_de_validation_60.wav run=0 audio=22.44s time=2452.0ms rtf=0.1093
  Die Struktur der Federn lässt vermuten, dass sie nicht zum Fliegen, sondern eher zur Temperaturregulierung oder zum Herzeigen verwendet wurden. Die Forscher vermuteten, dass die Probe, obwohl es sich um den Schwanz eines jungen Dinosauriers handelt, dass die Fieder eines Ausgewachsenen zeigt und nicht die Daunen eines Kückens.
/data/local/tmp/starling-issue-batch/fleurs-validation/de_de_validation_61.wav run=0 audio=7.32s time=1014.6ms rtf=0.1386
  Viele übliche Formate die APS-Formatfamilie zum Beispiel haben genau dasselbe oder ein sehr ähnliches Zeitenverhältnis.
/data/local/tmp/starling-issue-batch/fleurs-validation/de_de_validation_62.wav run=0 audio=10.26s time=1556.3ms rtf=0.1517
  Skifahren ist eine beliebte Reisetätigkeit mit vielen Enthusiasten gelegentlich auch als Skipender bekannt, die ihren gesamten Urlaub rund um das Skifahren an einem bestimmten Ort planen.
/data/local/tmp/starling-issue-batch/fleurs-validation/de_de_validation_63.wav run=0 audio=9.48s time=1196.6ms rtf=0.1262
  Als er nach einem Kommentar gefragt wurde, sagte Miller, Mike spricht sehr viel während der Anhörung. Ich habe mich vorbereitet und könnte daher nicht richtig hören, was er sagte.
/data/local/tmp/starling-issue-batch/fleurs-validation/de_de_validation_64.wav run=0 audio=10.02s time=1196.4ms rtf=0.1194
  Eine immer beliebtere Option für Menschen, die planen, ein Jahr aus Zeit zu nehmen, sind Studien und Kursangebote im Ausland.
/data/local/tmp/starling-issue-batch/fleurs-validation/de_de_validation_65.wav run=0 audio=17.64s time=1998.0ms rtf=0.1133
  Eine immer beliebtere Option für Menschen, die planen, ein Jahr-Aues-Zeit zu nehmen, sind Student-Kursangebote im Ausland.
/data/local/tmp/starling-issue-batch/fleurs-validation/de_de_validation_66.wav run=0 audio=14.16s time=1801.2ms rtf=0.1272
  Die Wälder sind jedoch nicht nur Mangrovensümpfe, sie umfassen auch einige der letzten verbliebenen Bestände des mächtigen Dschungels, der einst die Gangesebene bedeckte.
/data/local/tmp/starling-issue-batch/fleurs-validation/de_de_validation_67.wav run=0 audio=8.52s time=1150.1ms rtf=0.1350
  Flugunfälle sind im Iran, der über eine veraltete Flotte verfügt, die sowohl für zivile als auch für militärische Einsätze schlecht gewartet wird häufig.
/data/local/tmp/starling-issue-batch/fleurs-validation/de_de_validation_68.wav run=0 audio=7.92s time=1233.3ms rtf=0.1557
  Diese Theorien legen nahe, dass Menschen bestimmte Bedürfnisse und oder Wünsche haben, die im Laufe ihres erwachsenwertens verinnerlicht werden.
/data/local/tmp/starling-issue-batch/fleurs-validation/de_de_validation_69.wav run=0 audio=6.36s time=948.5ms rtf=0.1491
  Egypte im antiken Neuen Reich bestaun die Monumente ihrer Vorfahren, die damals gut tausend Jahre alt waren?
/data/local/tmp/starling-issue-batch/fleurs-validation/de_de_validation_7.wav run=0 audio=9.42s time=1214.7ms rtf=0.1289
  Die lokalen Behörden ermahnen die Einwohner in der Nähe der Anlage dazu, sich innerhalb von Gebäuden aufzuhalten, Klimaanlagen auszuschalten und kein Leitungswasser zu trinken.
/data/local/tmp/starling-issue-batch/fleurs-validation/de_de_validation_70.wav run=0 audio=10.50s time=1570.7ms rtf=0.1496
  Mit der Zeit beginnt sich die neue Population an ihre neue Umgebung anzupassen, und dann sieht sie in der anderen Population immer weniger ähnlich.
/data/local/tmp/starling-issue-batch/fleurs-validation/de_de_validation_71.wav run=0 audio=17.22s time=2015.4ms rtf=0.1170
  Auch wenn die Bezeichnung Zigeuner vor allem von Nicht-Roma verbreitet verwendet wird, wird sie oftmals als beleidigend aufgefasst, damit ihr negative Stereotype und eine ungenaue Wahrnehmung der Roma astituiert wird.
/data/local/tmp/starling-issue-batch/fleurs-validation/de_de_validation_72.wav run=0 audio=7.44s time=970.2ms rtf=0.1304
  Naturwissenschaftler und Philosophen konzentrieren sich auf klassische Texte und dabei besonders auf die Bibel in lateinischer Sprache.
/data/local/tmp/starling-issue-batch/fleurs-validation/de_de_validation_73.wav run=0 audio=16.86s time=1977.9ms rtf=0.1173
  Ein Cörie kann abhängig von der Flüssigkeitsmenge entweder trocken oder feucht sein.
/data/local/tmp/starling-issue-batch/fleurs-validation/de_de_validation_74.wav run=0 audio=5.76s time=867.9ms rtf=0.1507
  Die meisten Bezirke werden durch kleine japanische Kosterbusse befahren, die gemütlich und stabil sind.
/data/local/tmp/starling-issue-batch/fleurs-validation/de_de_validation_75.wav run=0 audio=6.12s time=950.1ms rtf=0.1552
  Die Araber brauchten auf dem Islam ins Land und auf den Komoren und im Majorta waren sehr erfolgreich.
/data/local/tmp/starling-issue-batch/fleurs-validation/de_de_validation_76.wav run=0 audio=6.90s time=927.9ms rtf=0.1345
  Auf einem hundertfuß langen Teilabschnitt läuft Wasser über den Daum.
/data/local/tmp/starling-issue-batch/fleurs-validation/de_de_validation_77.wav run=0 audio=8.52s time=1291.3ms rtf=0.1516
  In Japan wurden die ersten Kirsch-Blütenfeste vom Kaiser, nur für sich selbst und andere Adelsangehörige im Umfeld des kaiserlichen Hofs abgehalten.
/data/local/tmp/starling-issue-batch/fleurs-validation/de_de_validation_78.wav run=0 audio=19.80s time=2192.9ms rtf=0.1108
  Beispiele für Aktivitäten vor Ort sind Jagen, Angeln, Fotografie, Vorgeldbeobachtung, der Besuch von Parks und das Lernen von Informationen über das Ökosystem.
/data/local/tmp/starling-issue-batch/fleurs-validation/de_de_validation_79.wav run=0 audio=5.16s time=890.9ms rtf=0.1727
  Drei weitere Bomben detonierten binnen zwei Stunden unweit von Regierungsgebäuden.
/data/local/tmp/starling-issue-batch/fleurs-validation/de_de_validation_8.wav run=0 audio=14.04s time=1768.1ms rtf=0.1259
  Auf vereisten und verschneiten Straßen ist die Haftung gering und man kann nicht fahren, als befindet man sich auf nackem Asphalt.
/data/local/tmp/starling-issue-batch/fleurs-validation/de_de_validation_80.wav run=0 audio=3.84s time=658.5ms rtf=0.1715
  Er sagte, dass er eine VLAN Türklinger gebaut habe.
/data/local/tmp/starling-issue-batch/fleurs-validation/de_de_validation_81.wav run=0 audio=9.30s time=1153.7ms rtf=0.1241
  Da Studenten häufig ein sehr kritisches Publikum sind, gibt sich der Blockaut Mühe, seinen Schreibstil zu verbessern und Kritik zu vermeiden.
/data/local/tmp/starling-issue-batch/fleurs-validation/de_de_validation_82.wav run=0 audio=16.26s time=2267.6ms rtf=0.1395
  Der ehemalige Sprecher des Repräsentantenhauses Newt Gingrich, der texanische Gouverneur Rick Perry und die Kongressabgeordnete Michael Barman erreichten jeweils den vierten, fünften und sechsten Platz.
/data/local/tmp/starling-issue-batch/fleurs-validation/de_de_validation_83.wav run=0 audio=8.76s time=1113.0ms rtf=0.1271
  In diesem dynamischen Pendelverkehr sind alle in gewisser Weise mit einem Transportsystem verbunden, das auf dem privaten PKW basiert und unterstützen ist.
/data/local/tmp/starling-issue-batch/fleurs-validation/de_de_validation_84.wav run=0 audio=11.58s time=1455.1ms rtf=0.1257
  Jegliche Änderungen oder Anfragen sollen jedoch zuerst an das Reisebüro und nicht direkt an das Hotel gerichtet werden.
/data/local/tmp/starling-issue-batch/fleurs-validation/de_de_validation_85.wav run=0 audio=10.68s time=1423.5ms rtf=0.1333
  Sie können die Pyramiden in der Dunkelheit sehen, und während es still ist, ehe die Show beginnt.
/data/local/tmp/starling-issue-batch/fleurs-validation/de_de_validation_86.wav run=0 audio=17.28s time=1954.8ms rtf=0.1131
  Da Auckland sich über zwei Häfen erstreckt, gibt es viele Strände. Die beliebtesten Strände befinden sich in drei Gebieten.
/data/local/tmp/starling-issue-batch/fleurs-validation/de_de_validation_87.wav run=0 audio=19.38s time=2191.0ms rtf=0.1131
  Ihr erstes war das Lalom, bei dem sie in ihrem ersten Lauf ein Didnard Finis erhielt. 36 der 116 Teilnehmer erzielten in diesem Rennen das gleiche Ergebnis.
/data/local/tmp/starling-issue-batch/fleurs-validation/de_de_validation_88.wav run=0 audio=8.40s time=1089.0ms rtf=0.1296
  Das erschien mir nicht sinnvoll. Es war ganz gewiss nicht fair.
/data/local/tmp/starling-issue-batch/fleurs-validation/de_de_validation_89.wav run=0 audio=15.60s time=1932.7ms rtf=0.1239
  Laut Polizei wird der Fahrer des Fazeugs, das den Fotografen angefahren hat, wahrscheinlich nicht angeklagt werden.
/data/local/tmp/starling-issue-batch/fleurs-validation/de_de_validation_9.wav run=0 audio=5.40s time=923.4ms rtf=0.1710
  Drei weitere Bomben detonierten binnen zwei Stunden unweit von Regierungsgebäuden.
/data/local/tmp/starling-issue-batch/fleurs-validation/de_de_validation_90.wav run=0 audio=7.98s time=1206.0ms rtf=0.1511
  Einige Tiere wie Elefanten und Giraffen neigten dazu, sich dicht an Autos anzunähern, und die Standardausrüstung ermöglicht eine gute Sicht.
/data/local/tmp/starling-issue-batch/fleurs-validation/de_de_validation_91.wav run=0 audio=11.28s time=1472.8ms rtf=0.1306
  Die Wissenschaft weist nun darauf hin, dass diese massive Kohlenstoffwirtschaft die Biosphäre aus einem ihrer stabilen Zustände, der die menschliche Evolution in den letzten zwei Millionen Jahren getragen hat, herausgebracht hat.
/data/local/tmp/starling-issue-batch/fleurs-validation/de_de_validation_92.wav run=0 audio=7.44s time=978.0ms rtf=0.1314
  Solche Dinge sind zu eigenständigen Disziplinen geworden, die sich darauf konzentrieren, lösung für Probleme des wirklichen Lebens zu finden.
/data/local/tmp/starling-issue-batch/fleurs-validation/de_de_validation_93.wav run=0 audio=10.74s time=1544.4ms rtf=0.1438
  Da pro Tag nur 18 Medaillen zur Verfügung stehen, hat es eine Anzahl an Ländern nicht auf das Podium geschafft.
/data/local/tmp/starling-issue-batch/fleurs-validation/de_de_validation_94.wav run=0 audio=7.08s time=896.2ms rtf=0.1266
  Japan besitzt an den 7000 Inseln, von denen Honshu die größte ist, womit Japan die siebtegrößte Insel der Welt ist.
/data/local/tmp/starling-issue-batch/fleurs-validation/de_de_validation_95.wav run=0 audio=34.62s time=3777.5ms rtf=0.1091
  Die jawanische Küche, die heute überall auf der Inselgruppe verbreitet ist, bietet eine Vielzahl von einfach gewürzten Gerichten. Als Geschmaxträger bevorzugen die Javana dabei Erdnüsse, Chilis, Zucker, besonders jawanische Kokosblütenzucker und eine Reihe von aromatischen Gewürzen.
/data/local/tmp/starling-issue-batch/fleurs-validation/de_de_validation_96.wav run=0 audio=16.32s time=1925.3ms rtf=0.1180
  Mit der Zeit beginnt sich die neue Population an ihre neue Umgebung anzupassen, und dann sieht sie der anderen Populationen immer weniger ähnlich.
/data/local/tmp/starling-issue-batch/fleurs-validation/de_de_validation_97.wav run=0 audio=15.12s time=1795.6ms rtf=0.1188
  Flugunfälle sind im Iran, der über eine veraltete Flotte verfügt, die sowohl für zivile als auch für militärische Einsätze schlecht gewartet wird, häufig.
/data/local/tmp/starling-issue-batch/fleurs-validation/de_de_validation_98.wav run=0 audio=13.26s time=1687.8ms rtf=0.1273
  Bitte behandeln Sie diese Städte mit der Würde, der Ehrfurcht und dem Respekt, die Ihr Gebühren. Machen Sie keine Witze über den Holocaust oder die Nazis.
/data/local/tmp/starling-issue-batch/fleurs-validation/de_de_validation_99.wav run=0 audio=8.64s time=1220.3ms rtf=0.1412
  Zu Beginn war die Kleidung stark von der Kultur bizans im Osten geprägt.
/data/local/tmp/starling-issue-batch/fleurs-validation/en_us_validation_0.wav run=0 audio=6.54s time=1026.1ms rtf=0.1569
  When you call someone who is thousands of miles away, you are using a satellite.
/data/local/tmp/starling-issue-batch/fleurs-validation/en_us_validation_1.wav run=0 audio=16.38s time=2024.2ms rtf=0.1236
  Now widely available throughout the archipelago, Japanese cuisines features in a ray of simply seasoned dishes. The predominant flavorings, the Japanese favor being peanuts chilies, sugar, especially Japanese coconut sugar, and various aromatic spices.
/data/local/tmp/starling-issue-batch/fleurs-validation/en_us_validation_10.wav run=0 audio=7.32s time=979.2ms rtf=0.1338
  As soon as you get out of the current, swimming back is no more difficult than normally.
/data/local/tmp/starling-issue-batch/fleurs-validation/en_us_validation_100.wav run=0 audio=3.96s time=837.6ms rtf=0.2115
  That didn't seem to make sense to me, it certainly wasn't fair.
/data/local/tmp/starling-issue-batch/fleurs-validation/en_us_validation_101.wav run=0 audio=13.68s time=1853.5ms rtf=0.1355
  Out of 1,400 people polled prior to the 2010 federal election, those who oppose Australia becoming a republic grew by 8% since 2008.
/data/local/tmp/starling-issue-batch/fleurs-validation/en_us_validation_102.wav run=0 audio=11.94s time=1568.6ms rtf=0.1314
  Bush spokesman Gordon Jeandro called North Korea's pledge a major step towards the goal of achieving the verifiable denuclearization of the Korean Peninsula.
/data/local/tmp/starling-issue-batch/fleurs-validation/en_us_validation_103.wav run=0 audio=7.64s time=961.8ms rtf=0.1259
  You can see the pyramids in the dark, and you can see them in silence before the show begins.
/data/local/tmp/starling-issue-batch/fleurs-validation/en_us_validation_104.wav run=0 audio=10.02s time=1219.0ms rtf=0.1217
  The Diputan Buddhism is based on the teachings of Buddha, but were extended by the Maharana path of love and by a lot of techniques from Indian yoga.
/data/local/tmp/starling-issue-batch/fleurs-validation/en_us_validation_105.wav run=0 audio=9.00s time=1109.9ms rtf=0.1233
  Most districts are served by small Japanese coaster buses which are comfortable and sturdy.
/data/local/tmp/starling-issue-batch/fleurs-validation/en_us_validation_106.wav run=0 audio=13.46s time=1714.6ms rtf=0.1274
  Air accidents are common in Iran which has an aging fleet that is poorly maintained both for civil and military operations.
/data/local/tmp/starling-issue-batch/fleurs-validation/en_us_validation_107.wav run=0 audio=9.60s time=1245.3ms rtf=0.1297
  Naturalists and philosophers focus on classical text and, in particular, on the Bible and land.
/data/local/tmp/starling-issue-batch/fleurs-validation/en_us_validation_108.wav run=0 audio=12.48s time=1509.9ms rtf=0.1210
  The northern part or Centinal Rang has Antarctica's highest mountains, the Vincent Masi, peaking at 48 mount Vincent.
/data/local/tmp/starling-issue-batch/fleurs-validation/en_us_validation_109.wav run=0 audio=15.48s time=2007.9ms rtf=0.1297
  The broad boulevards, glass printed buildings, and modern shopping centers are dead with traditional red tile roofs, the 19th century markant, and old mosques and churches, although the city has an atmosphere more of Mediterranean Europe than traditional Turkey.
/data/local/tmp/starling-issue-batch/fleurs-validation/en_us_validation_11.wav run=0 audio=8.16s time=1196.6ms rtf=0.1466
  Local authorities are warning residents in the vicinity of the plant to stay indoors, turn off air conditioners, and not to drink tap water.
/data/local/tmp/starling-issue-batch/fleurs-validation/en_us_validation_110.wav run=0 audio=13.08s time=1757.1ms rtf=0.1343
  In principle, the Tibetan Buddhism is very simple. It consists of Khandolini Yoga, meditation, and the path of all-embracing love.
/data/local/tmp/starling-issue-batch/fleurs-validation/en_us_validation_111.wav run=0 audio=9.92s time=1203.9ms rtf=0.1214
  New kingdom ancient Egyptians marveled at their predecessor monuments which were zen well over a thousand years old.
/data/local/tmp/starling-issue-batch/fleurs-validation/en_us_validation_112.wav run=0 audio=7.92s time=1177.8ms rtf=0.1487
  The park covers 19,500 km and is divided in 14 different ecozones each supporting different wildlife.
/data/local/tmp/starling-issue-batch/fleurs-validation/en_us_validation_113.wav run=0 audio=8.40s time=1199.4ms rtf=0.1428
  Members of a subculture often signal their membership through a distinctive and symbolic use of style, which includes fashions, mannerism and argot.
/data/local/tmp/starling-issue-batch/fleurs-validation/en_us_validation_114.wav run=0 audio=6.24s time=924.1ms rtf=0.1481
  Then Lakersin took the lead in singing the Bajans.
/data/local/tmp/starling-issue-batch/fleurs-validation/en_us_validation_115.wav run=0 audio=5.10s time=860.3ms rtf=0.1687
  Inland waterways can be a good theme to base a holiday around.
/data/local/tmp/starling-issue-batch/fleurs-validation/en_us_validation_116.wav run=0 audio=10.80s time=1598.0ms rtf=0.1480
  This new environment has different resources and different competitors, so the new population will need different features or adaptations to be a strong competitor than what they had needed before.
/data/local/tmp/starling-issue-batch/fleurs-validation/en_us_validation_117.wav run=0 audio=10.56s time=1557.2ms rtf=0.1475
  Major cuisine, like that of similar zones in the Mediterranean, is based on bread vegetables and meat, specifically pork and uses olive oil throughout.
/data/local/tmp/starling-issue-batch/fleurs-validation/en_us_validation_118.wav run=0 audio=10.56s time=1546.1ms rtf=0.1464
  Since students are often the most critical audience, the blog writer begins to strive to improve writing to avoid criticism.
/data/local/tmp/starling-issue-batch/fleurs-validation/en_us_validation_119.wav run=0 audio=9.24s time=1204.0ms rtf=0.1303
  I lost my sister and her friend, and on my way there were two disabled people in wheelchairs, people just jumping over and pushing them, Aman Versace said.
/data/local/tmp/starling-issue-batch/fleurs-validation/en_us_validation_12.wav run=0 audio=7.08s time=905.9ms rtf=0.1280
  However, most signs are indicated only in Kataland because it is established by law as the first official language.
/data/local/tmp/starling-issue-batch/fleurs-validation/en_us_validation_120.wav run=0 audio=11.86s time=1431.2ms rtf=0.1207
  Combined with its relative inaccessibility, Timbuktu has come to be used as a metaphor for exotic distant lands.
/data/local/tmp/starling-issue-batch/fleurs-validation/en_us_validation_121.wav run=0 audio=11.46s time=1419.9ms rtf=0.1239
  The main local beer is number one. It is not a complex beer but pleasant and refreshing. The other local beer is called bantra.
/data/local/tmp/starling-issue-batch/fleurs-validation/en_us_validation_122.wav run=0 audio=13.88s time=1673.6ms rtf=0.1206
  The articles required unanimous consent from all the states before they could be amended, and states took the central government so lightly that their representatives are often absent.
/data/local/tmp/starling-issue-batch/fleurs-validation/en_us_validation_123.wav run=0 audio=3.96s time=676.8ms rtf=0.1709
  Also the life of the Feedup family opened in the year.
/data/local/tmp/starling-issue-batch/fleurs-validation/en_us_validation_124.wav run=0 audio=5.76s time=943.4ms rtf=0.1638
  The patient had been to my Nigeria where some cases of the Gola virus have occurred.
/data/local/tmp/starling-issue-batch/fleurs-validation/en_us_validation_125.wav run=0 audio=9.36s time=1187.0ms rtf=0.1268
  Many formats APS family of formats, for example, are equal to or closely approximate to this aspect ratio.
/data/local/tmp/starling-issue-batch/fleurs-validation/en_us_validation_126.wav run=0 audio=10.32s time=1532.9ms rtf=0.1485
  We came to this conclusion due to the multitude of positive comments and encouragements sent to her by both female and male individuals urging that contraception medication be considered a medical necessity.
/data/local/tmp/starling-issue-batch/fleurs-validation/en_us_validation_127.wav run=0 audio=19.00s time=2080.8ms rtf=0.1095
  In a partnership of MPWS and the Sporting Shooters Asociation of Australia Incorporated, qualified volunteers were recruited under the Sporting Shooters hunting program.
/data/local/tmp/starling-issue-batch/fleurs-validation/en_us_validation_128.wav run=0 audio=15.30s time=1766.8ms rtf=0.1155
  When the fighting ceased after the wounded were transported to the hospital, about 40 of the other remaining inmates stayed in the yard and refused to return to their cells.
/data/local/tmp/starling-issue-batch/fleurs-validation/en_us_validation_129.wav run=0 audio=9.12s time=1200.2ms rtf=0.1316
  Japan's holds nearly 7,000 islands, the biggest being hams making Japan the seventh larger island in the world.
/data/local/tmp/starling-issue-batch/fleurs-validation/en_us_validation_13.wav run=0 audio=7.54s time=935.5ms rtf=0.1241
  Although 3 people were inside the house when the car impacted it, none of them were hurt.
/data/local/tmp/starling-issue-batch/fleurs-validation/en_us_validation_130.wav run=0 audio=8.04s time=1209.8ms rtf=0.1505
  When you went abroad at first, people were probably patient and understanding, knowing that travelers in a new country need to adapt.
/data/local/tmp/starling-issue-batch/fleurs-validation/en_us_validation_131.wav run=0 audio=14.52s time=1795.2ms rtf=0.1236
  Technology offers the solution with virtual field trips. Students can look at museum artifacts, visit an aquarium, or admire beautiful art while sitting with their class.
/data/local/tmp/starling-issue-batch/fleurs-validation/en_us_validation_132.wav run=0 audio=14.34s time=1845.4ms rtf=0.1287
  Arlie The Lasquez of Mexico finished 15th in the men's sitting super G. New Zealand's Adam Hall finished ninth in the men's standing super G.
/data/local/tmp/starling-issue-batch/fleurs-validation/en_us_validation_133.wav run=0 audio=5.88s time=864.7ms rtf=0.1471
  Pronunciation is relatively easy in Italian since most words are pronounced exactly how they are written.
/data/local/tmp/starling-issue-batch/fleurs-validation/en_us_validation_134.wav run=0 audio=7.80s time=1214.3ms rtf=0.1557
  Money can be exchanged at the only bank in the islands, which is located in Stanley, across from the FIC West store.
/data/local/tmp/starling-issue-batch/fleurs-validation/en_us_validation_135.wav run=0 audio=4.98s time=757.5ms rtf=0.1521
  Police said that the body appeared to have been there for about a day.
/data/local/tmp/starling-issue-batch/fleurs-validation/en_us_validation_136.wav run=0 audio=10.62s time=1620.7ms rtf=0.1526
  Before an organization can be innovative, leadership must create a culture of innovation as well as shared knowledge and organizational learning.
/data/local/tmp/starling-issue-batch/fleurs-validation/en_us_validation_137.wav run=0 audio=10.20s time=1205.6ms rtf=0.1182
  The forests aren't just mangrove swamps though they include some of the last remaining stands of the mighty jungles, which once covered the gangplain.
/data/local/tmp/starling-issue-batch/fleurs-validation/en_us_validation_138.wav run=0 audio=11.30s time=1544.1ms rtf=0.1367
  Scientists think that oxolots follow and find animals to eat, prey by smell sniffing for where they've been on the ground.
/data/local/tmp/starling-issue-batch/fleurs-validation/en_us_validation_139.wav run=0 audio=13.42s time=1698.7ms rtf=0.1266
  The Krugger National Park lies in the northeast of South Africa and runs along the border of Mozambique in the east.
/data/local/tmp/starling-issue-batch/fleurs-validation/en_us_validation_14.wav run=0 audio=10.06s time=1223.0ms rtf=0.1216
  These theories suggest that people have certain needs and/or desires which have been internalized as they mature to adulthood.
/data/local/tmp/starling-issue-batch/fleurs-validation/en_us_validation_140.wav run=0 audio=15.78s time=1995.0ms rtf=0.1264
  It uses satellite based technology as opposed to older ground radar based technology to allow air traffic controllers to pinpoint aircraft with greater precision and give pilots more accurate information.
/data/local/tmp/starling-issue-batch/fleurs-validation/en_us_validation_141.wav run=0 audio=10.14s time=1241.7ms rtf=0.1225
  The Olympic gold medalist was due to swim in the 100m and 200 meter freestyle and in three relays at the Commonwealth Games, but due to his complaints, his fitness had been in doubt.
/data/local/tmp/starling-issue-batch/fleurs-validation/en_us_validation_142.wav run=0 audio=10.22s time=1142.6ms rtf=0.1118
  The final score was a one-point victory 21-20, ending the All Blacks 15 game winning stream.
/data/local/tmp/starling-issue-batch/fleurs-validation/en_us_validation_143.wav run=0 audio=12.26s time=1627.9ms rtf=0.1328
  are equal to or closely approximate this aspect ratio.
/data/local/tmp/starling-issue-batch/fleurs-validation/en_us_validation_144.wav run=0 audio=11.28s time=1536.8ms rtf=0.1362
  When you went abroad at first, people were probably patient and understanding, knowing that travelers in a new country need to adapt.
/data/local/tmp/starling-issue-batch/fleurs-validation/en_us_validation_145.wav run=0 audio=12.84s time=1715.3ms rtf=0.1336
  Insects were the first animals to take to the air. Their ability to fly helped them evade enemies more easily and find food and mates more efficiently.
/data/local/tmp/starling-issue-batch/fleurs-validation/en_us_validation_146.wav run=0 audio=11.40s time=1606.2ms rtf=0.1409
  Across the United States of America, there are approximately 400,000 known cases of multiple sclerosis MS leaving it as the leading neurological disease in younger and middle aged adults.
/data/local/tmp/starling-issue-batch/fleurs-validation/en_us_validation_147.wav run=0 audio=7.08s time=964.4ms rtf=0.1362
  Money can be exchanged at the only bank in the islands, which is located in Stanley across from the FICS store.
/data/local/tmp/starling-issue-batch/fleurs-validation/en_us_validation_148.wav run=0 audio=7.92s time=1170.9ms rtf=0.1478
  Most districts are served by small Japanese coaster buses which are comfortable and sturdy.
/data/local/tmp/starling-issue-batch/fleurs-validation/en_us_validation_149.wav run=0 audio=16.32s time=1917.7ms rtf=0.1175
  The Kruger National Park lies in the northeast of South Africa and runs along the border of Mozambique in the east. Zimbabwe in the north, and the southern border is the Crocodile River.
/data/local/tmp/starling-issue-batch/fleurs-validation/en_us_validation_15.wav run=0 audio=17.54s time=1910.1ms rtf=0.1089
  She came to this conclusion due to the multitude of positive comments and encouragements sent to her by both female and male individuals urging that contraception medication be considered a medical necessity.
/data/local/tmp/starling-issue-batch/fleurs-validation/en_us_validation_150.wav run=0 audio=11.04s time=1671.7ms rtf=0.1514
  It warns no one can guarantee that any course of action in Iraq at this point will stop sectarian warfare, growing violence or a slide toward chaos.
/data/local/tmp/starling-issue-batch/fleurs-validation/en_us_validation_151.wav run=0 audio=7.80s time=1178.9ms rtf=0.1511
  After seeing the horrors and atrocities of board during World War One, nations decide to avoid such a situation again in the future.
/data/local/tmp/starling-issue-batch/fleurs-validation/en_us_validation_152.wav run=0 audio=7.26s time=933.3ms rtf=0.1286
  Waters spilling over the levee in a section 100 feet wide.
/data/local/tmp/starling-issue-batch/fleurs-validation/en_us_validation_153.wav run=0 audio=8.88s time=1179.0ms rtf=0.1328
  The Tibetan Buddhism is based on the teachings of Buddha, but were extended by the Mahayana by the Maybach.
/data/local/tmp/starling-issue-batch/fleurs-validation/en_us_validation_154.wav run=0 audio=8.04s time=1129.0ms rtf=0.1404
  In many cases, enrolling on a gapier course abroad can actually improve your chances of moving into higher education back in your home country.
/data/local/tmp/starling-issue-batch/fleurs-validation/en_us_validation_155.wav run=0 audio=8.22s time=1233.6ms rtf=0.1501
  The northeast part of Sentinel Range has an Artiga's highest mountains, the Vincent Massif, peaking at 4892 m mount Vincent.
/data/local/tmp/starling-issue-batch/fleurs-validation/en_us_validation_156.wav run=0 audio=6.84s time=962.7ms rtf=0.1408
  With only 18 medals available a day, a number of countries have failed to make the medal podium.
/data/local/tmp/starling-issue-batch/fleurs-validation/en_us_validation_157.wav run=0 audio=14.98s time=1781.9ms rtf=0.1190
  They can see very well in the dark with night vision, and move very stefily to.
/data/local/tmp/starling-issue-batch/fleurs-validation/en_us_validation_158.wav run=0 audio=6.66s time=941.9ms rtf=0.1414
  This became common practice, but the iron caused more wear on the wooden wheels of wagons.
/data/local/tmp/starling-issue-batch/fleurs-validation/en_us_validation_159.wav run=0 audio=4.92s time=774.2ms rtf=0.1574
  The Amazon is also the wildest river on Earth, at times, six miles wide!
/data/local/tmp/starling-issue-batch/fleurs-validation/en_us_validation_16.wav run=0 audio=12.58s time=1682.2ms rtf=0.1337
  Due to the long distance from the continent, animals were unable to make the journey making the giant tortoise the primary grazing animal in the gobelos.
/data/local/tmp/starling-issue-batch/fleurs-validation/en_us_validation_160.wav run=0 audio=11.16s time=1567.3ms rtf=0.1404
  The Olympic gold medalist was due to swim in the 100m and 200m freestyle and in three relays at the Commonwealth games, but due to his complaints his fitness had been in doubt.
/data/local/tmp/starling-issue-batch/fleurs-validation/en_us_validation_161.wav run=0 audio=18.18s time=2097.5ms rtf=0.1154
  It uses satellite base technology as opposed to older ground radar base technology, to allow air traffic controllers to pinpoint aircraft with greater precision and give pilots more accurate information.
/data/local/tmp/starling-issue-batch/fleurs-validation/en_us_validation_162.wav run=0 audio=7.38s time=1592.6ms rtf=0.2158
  This became common practice, but the iron caused more wear on the wooden wheels of the wagons.
/data/local/tmp/starling-issue-batch/fleurs-validation/en_us_validation_163.wav run=0 audio=8.80s time=1032.6ms rtf=0.1173
  An increasingly more popular option for those planning a gap year is to travel and learn.
/data/local/tmp/starling-issue-batch/fleurs-validation/en_us_validation_164.wav run=0 audio=15.36s time=1914.3ms rtf=0.1246
  The stretch between Point Marion and Fairmont presents the most challenging driving conditions on the Buffalo Pittsburgh Highway, passing frequently through isolated backwoods terrain.
/data/local/tmp/starling-issue-batch/fleurs-validation/en_us_validation_165.wav run=0 audio=7.62s time=943.7ms rtf=0.1238
  Three more bombs exploded near government buildings in a period of two hours.
/data/local/tmp/starling-issue-batch/fleurs-validation/en_us_validation_166.wav run=0 audio=6.90s time=944.5ms rtf=0.1369
  However, most signs are indicated only in Catalan because it is established by law as the first official language.
/data/local/tmp/starling-issue-batch/fleurs-validation/en_us_validation_167.wav run=0 audio=7.02s time=866.9ms rtf=0.1235
  The original population hasn't changed at all, they still need the same adaptations as before.
/data/local/tmp/starling-issue-batch/fleurs-validation/en_us_validation_168.wav run=0 audio=13.92s time=1817.8ms rtf=0.1306
  Her first was the Slalum, where she earned a Dut Finish in her first run. 36 of the 106 competitors had the same result in that race.
/data/local/tmp/starling-issue-batch/fleurs-validation/en_us_validation_169.wav run=0 audio=4.68s time=677.8ms rtf=0.1448
  Most of the life of the hebrew family happened in the open air.
/data/local/tmp/starling-issue-batch/fleurs-validation/en_us_validation_17.wav run=0 audio=8.52s time=1129.6ms rtf=0.1326
  Eventually wooden wheels were replaced by iron wheels. In 1767, the first full iron rails were introduced.
/data/local/tmp/starling-issue-batch/fleurs-validation/en_us_validation_170.wav run=0 audio=5.16s time=925.4ms rtf=0.1793
  Soon officers quick with riot gear entered the yard and courted the inmates with tear gas.
/data/local/tmp/starling-issue-batch/fleurs-validation/en_us_validation_171.wav run=0 audio=15.02s time=1803.6ms rtf=0.1201
  Science now indicates that this massive carbon has displayed the biosphere from one of its stable states that has supported human evolution for the past two million years.
/data/local/tmp/starling-issue-batch/fleurs-validation/en_us_validation_172.wav run=0 audio=10.44s time=1475.1ms rtf=0.1413
  NK also reported that the Kashi Karia nuclear powerplant in Nikada prefecture was operating normally.
/data/local/tmp/starling-issue-batch/fleurs-validation/en_us_validation_173.wav run=0 audio=6.84s time=975.8ms rtf=0.1427
  The Arabs also brought ibuted the lands and it took in a big way in Kemeros and Mayate.
/data/local/tmp/starling-issue-batch/fleurs-validation/en_us_validation_174.wav run=0 audio=12.12s time=1569.6ms rtf=0.1295
  Please treat the site with all of the dignity solemnity and respect it deserves. Do not make jokes about holocaust or Nazis.
/data/local/tmp/starling-issue-batch/fleurs-validation/en_us_validation_175.wav run=0 audio=7.62s time=971.6ms rtf=0.1275
  According to police, the driver of the vehicle that hit the photographer is unlikely to face criminal charges.
/data/local/tmp/starling-issue-batch/fleurs-validation/en_us_validation_176.wav run=0 audio=6.96s time=878.2ms rtf=0.1262
  As soon as you get out of the current, swimming back is no more difficult than normally.
/data/local/tmp/starling-issue-batch/fleurs-validation/en_us_validation_177.wav run=0 audio=6.90s time=954.8ms rtf=0.1384
  Naturalists and philosophers focused on classical texts and, in particular, on the Bible and Latin.
/data/local/tmp/starling-issue-batch/fleurs-validation/en_us_validation_178.wav run=0 audio=6.36s time=978.5ms rtf=0.1539
  The original population hasn't changed at all, they still need the same adaptations as before.
/data/local/tmp/starling-issue-batch/fleurs-validation/en_us_validation_179.wav run=0 audio=8.28s time=1249.1ms rtf=0.1509
  Saltwater crocodiles do not actively live in the ocean, their primary habitat is in river estuaries north from Rockhampton.
/data/local/tmp/starling-issue-batch/fleurs-validation/en_us_validation_18.wav run=0 audio=7.80s time=1096.6ms rtf=0.1406
  They are still trying to determine just how large the crash was and how the earth will be affected.
/data/local/tmp/starling-issue-batch/fleurs-validation/en_us_validation_180.wav run=0 audio=14.66s time=1836.5ms rtf=0.1253
  Eventually, wooden wheels were replaced by iron wheels. In 1767, the first full iron reels were introduced.
/data/local/tmp/starling-issue-batch/fleurs-validation/en_us_validation_181.wav run=0 audio=8.64s time=1184.9ms rtf=0.1371
  Before an organization can be innovative, leadership must create a culture of innovation as well as shared knowledge and organizational learning.
/data/local/tmp/starling-issue-batch/fleurs-validation/en_us_validation_182.wav run=0 audio=10.74s time=1573.6ms rtf=0.1465
  There are a lot of social and political effects, such as the use of metric systems, a shift from absolutism to republicanism, nationalism, and the belief that the country belongs to the people and not one sole ruler.
/data/local/tmp/starling-issue-batch/fleurs-validation/en_us_validation_183.wav run=0 audio=8.70s time=1191.5ms rtf=0.1370
  The principle of Tibetan Buddhism is very simple and consists of kundalini yoga meditation and path all-embracing love.
/data/local/tmp/starling-issue-batch/fleurs-validation/en_us_validation_184.wav run=0 audio=9.72s time=1204.8ms rtf=0.1239
  Due to the long distance from the continent, mammals were unable to make the journey, making the giant tortoise the primary grazing animal in the Galápagos.
/data/local/tmp/starling-issue-batch/fleurs-validation/en_us_validation_185.wav run=0 audio=2.70s time=733.9ms rtf=0.2718
  He built a Wi-Fi doorbell, he said.
/data/local/tmp/starling-issue-batch/fleurs-validation/en_us_validation_186.wav run=0 audio=7.98s time=1253.1ms rtf=0.1570
  NHK also reported that the Kashi Karidwa nuclear powerplant inhada prefecture was operating normally.
/data/local/tmp/starling-issue-batch/fleurs-validation/en_us_validation_187.wav run=0 audio=8.04s time=1152.6ms rtf=0.1434
  It is Martelly's fifth CEP in four years.
/data/local/tmp/starling-issue-batch/fleurs-validation/en_us_validation_188.wav run=0 audio=3.30s time=806.1ms rtf=0.2443
  He built a wifi doorbell, he said.
/data/local/tmp/starling-issue-batch/fleurs-validation/en_us_validation_189.wav run=0 audio=13.86s time=1827.1ms rtf=0.1318
  The Kruger National Park KP lies in the northeast of South Africa and runs along the border of Mozambique in the east. Zimbabwe in the north and the southern border in the Kraudara River.
/data/local/tmp/starling-issue-batch/fleurs-validation/en_us_validation_19.wav run=0 audio=6.78s time=898.3ms rtf=0.1325
  Naturalists and philosophers focused on classical texts and, in particular, on the Bible and Latin.
/data/local/tmp/starling-issue-batch/fleurs-validation/en_us_validation_190.wav run=0 audio=5.40s time=949.5ms rtf=0.1758
  The Spaniards started the colonization period which lasted for three centuries.
/data/local/tmp/starling-issue-batch/fleurs-validation/en_us_validation_191.wav run=0 audio=7.08s time=977.3ms rtf=0.1380
  The UN also hopes to finalize the Fund to help countries affected by global warming to cope with the impacts.
/data/local/tmp/starling-issue-batch/fleurs-validation/en_us_validation_192.wav run=0 audio=6.84s time=966.7ms rtf=0.1413
  Its all-pervading power affected everyone from king to commoner.
/data/local/tmp/starling-issue-batch/fleurs-validation/en_us_validation_193.wav run=0 audio=7.74s time=1230.2ms rtf=0.1589
  Previously Ring CEO Jamie Siminoff remarked that the company started when his doorbell was an audible from a shop in his garage.
/data/local/tmp/starling-issue-batch/fleurs-validation/en_us_validation_194.wav run=0 audio=12.36s time=1592.4ms rtf=0.1288
  The park covers 19,500 km and is divided in 14 different ecozones each supporting different wildlife.
/data/local/tmp/starling-issue-batch/fleurs-validation/en_us_validation_195.wav run=0 audio=9.72s time=1131.5ms rtf=0.1164
  Christmas is one of the most important holidays of Christianity and is celebrated as the birthday of Jesus.
/data/local/tmp/starling-issue-batch/fleurs-validation/en_us_validation_196.wav run=0 audio=9.78s time=1174.0ms rtf=0.1200
  Pronunciation is relatively easy in Italian, since most words are pronounced exactly how they are written.
/data/local/tmp/starling-issue-batch/fleurs-validation/en_us_validation_197.wav run=0 audio=8.52s time=1221.2ms rtf=0.1433
  The Arabs also brought Islam to the land and they took in a big way in Kamrost in Mayad.
/data/local/tmp/starling-issue-batch/fleurs-validation/en_us_validation_198.wav run=0 audio=9.30s time=1196.7ms rtf=0.1287
  Women should realize that cultural differences may result in what they would consider harassment and it is not uncommon to be followed, grabbed by the arm, etc.
/data/local/tmp/starling-issue-batch/fleurs-validation/en_us_validation_199.wav run=0 audio=11.76s time=1565.3ms rtf=0.1331
  Japan holds near 7000 islands, the biggest being Hainshu, making Japan the seventh largest island in the world.
/data/local/tmp/starling-issue-batch/fleurs-validation/en_us_validation_2.wav run=0 audio=7.92s time=1157.6ms rtf=0.1462
  The UN also hopes to finalize a fund to help countries affected by global warming to cope with the impacts.
/data/local/tmp/starling-issue-batch/fleurs-validation/en_us_validation_20.wav run=0 audio=8.16s time=1134.0ms rtf=0.1390
  A satellite phone is not generally a replacement for a mobile phone, as you have to be outdoors with clear line of sight to the satellite to make a phone call.
/data/local/tmp/starling-issue-batch/fleurs-validation/en_us_validation_200.wav run=0 audio=8.52s time=1227.9ms rtf=0.1441
  Kncraft products might be defined as antiques, though they're younger than similar mass-produced goods.
/data/local/tmp/starling-issue-batch/fleurs-validation/en_us_validation_201.wav run=0 audio=10.32s time=1456.0ms rtf=0.1411
  Air accidents are common in Iran, which has an aging fleet that is poorly maintained both for civil and military operations.
/data/local/tmp/starling-issue-batch/fleurs-validation/en_us_validation_202.wav run=0 audio=16.46s time=2003.5ms rtf=0.1217
  She came to this conclusion due to the multitude of positive comments and encouragement sent to her by both female and male individuals urging that contraception medication be considered a medical necessity.
/data/local/tmp/starling-issue-batch/fleurs-validation/en_us_validation_203.wav run=0 audio=9.12s time=1142.2ms rtf=0.1252
  Insects were the first animals to take to the air. Their ability to fly helped them evade enemies more easily and find food and mates more efficiently.
/data/local/tmp/starling-issue-batch/fleurs-validation/en_us_validation_204.wav run=0 audio=11.14s time=1569.8ms rtf=0.1409
  Examples of on-site activities include hunting, fishing, photography, bird watching and visiting parks, and citing information about the ecosystem.
/data/local/tmp/starling-issue-batch/fleurs-validation/en_us_validation_205.wav run=0 audio=8.52s time=1155.2ms rtf=0.1356
  Widespread looting reportedly continued overnight, as law enforcement officers were not present on Bishkek's street.
/data/local/tmp/starling-issue-batch/fleurs-validation/en_us_validation_206.wav run=0 audio=9.36s time=1269.6ms rtf=0.1356
  When the fighting seas after the wounded were transported to the hospital, about 40 of the other remaining inmates stayed in the yard and refused to return to their cells.
/data/local/tmp/starling-issue-batch/fleurs-validation/en_us_validation_207.wav run=0 audio=9.36s time=1636.6ms rtf=0.1748
  In this dynamic transport shuttle, everyone is somehow connected with and supporting a transport system based on private cars.
/data/local/tmp/starling-issue-batch/fleurs-validation/en_us_validation_208.wav run=0 audio=10.86s time=1459.3ms rtf=0.1344
  His 1000th stamp was the magnificent great deeds by Swedish kings by David Clacker ethrall in 2000 which is listed in the Guinness Book of World Records.
/data/local/tmp/starling-issue-batch/fleurs-validation/en_us_validation_209.wav run=0 audio=3.96s time=642.1ms rtf=0.1621
  It is Martelli's fifth CEP in four years.
/data/local/tmp/starling-issue-batch/fleurs-validation/en_us_validation_21.wav run=0 audio=8.16s time=1142.5ms rtf=0.1400
  Some reports put the official death toll at eight, and official reports confirmed that up to 30 were injured but final numbers are not yet known.
/data/local/tmp/starling-issue-batch/fleurs-validation/en_us_validation_210.wav run=0 audio=9.84s time=1193.3ms rtf=0.1213
  Israel demands an ongoing military presence in the valley for ten years once an agreement is signed while the PA agrees to leave such presence only for 5 years.
/data/local/tmp/starling-issue-batch/fleurs-validation/en_us_validation_211.wav run=0 audio=9.12s time=1121.3ms rtf=0.1230
  Insects were the first animals to take to the air, their ability to fly helped them evade enemies more easily and find food and mates more efficiently.
/data/local/tmp/starling-issue-batch/fleurs-validation/en_us_validation_212.wav run=0 audio=5.64s time=931.6ms rtf=0.1652
  With only 18 medals available a day, a number of countries have failed to make the medal podium.
/data/local/tmp/starling-issue-batch/fleurs-validation/en_us_validation_213.wav run=0 audio=8.76s time=1168.8ms rtf=0.1334
  The Portuguese destroyed and rebuilt it under the name Gasabranca, only to abandon it after an earthquake in 1755.
/data/local/tmp/starling-issue-batch/fleurs-validation/en_us_validation_214.wav run=0 audio=8.94s time=1187.1ms rtf=0.1328
  The views presented are often cursory, general and oversimplified, compared to the more detailed information available elsewhere.
/data/local/tmp/starling-issue-batch/fleurs-validation/en_us_validation_215.wav run=0 audio=4.68s time=660.7ms rtf=0.1412
  U.S. President George W. Bush welcomed the announcement.
/data/local/tmp/starling-issue-batch/fleurs-validation/en_us_validation_216.wav run=0 audio=7.86s time=1139.7ms rtf=0.1450
  Yet 80 percent of our goods were taxed through tariffs in Central America countries we treat you.
/data/local/tmp/starling-issue-batch/fleurs-validation/en_us_validation_217.wav run=0 audio=8.04s time=1189.3ms rtf=0.1479
  A former Filipino policeman has kept Hong Kong tourist hostage by hijacking their bus in Manila, the capital of the Philippines.
/data/local/tmp/starling-issue-batch/fleurs-validation/en_us_validation_218.wav run=0 audio=10.00s time=1142.7ms rtf=0.1143
  Rabban Uhba made the inning's highest score 70 runs in just 41 balls by hitting 11 fords and 26s.
/data/local/tmp/starling-issue-batch/fleurs-validation/en_us_validation_219.wav run=0 audio=11.22s time=1588.4ms rtf=0.1416
  Over time, as the new population begins to adapt to their new environment, they start to look less and less like the other population.
/data/local/tmp/starling-issue-batch/fleurs-validation/en_us_validation_22.wav run=0 audio=6.78s time=942.5ms rtf=0.1390
  Thousands of years ago, a man called Eres said the solar system moved around the sun.
/data/local/tmp/starling-issue-batch/fleurs-validation/en_us_validation_220.wav run=0 audio=12.60s time=1592.1ms rtf=0.1264
  Scientists say this animal's plumage was chestnut brown on top with a pale or carotenoid colored outside.
/data/local/tmp/starling-issue-batch/fleurs-validation/en_us_validation_221.wav run=0 audio=15.60s time=1990.4ms rtf=0.1276
  The feather structure suggests that they were not used in flight but rather for temperature regulation or display. The researchers suggested that even though this is the tail of a young dinosaur, the sample shows adult plumage and not a chick's down.
/data/local/tmp/starling-issue-batch/fleurs-validation/en_us_validation_222.wav run=0 audio=5.54s time=910.7ms rtf=0.1644
  Most of the life of the Hebrew family happened in the open air.
/data/local/tmp/starling-issue-batch/fleurs-validation/en_us_validation_223.wav run=0 audio=9.78s time=1271.1ms rtf=0.1300
  The stretch between Point Merion and Fairmont presents the most challenging driving conditions on the Buffalo Pittsburgh Highway, passing frequently through isolated backwards terrain.
/data/local/tmp/starling-issue-batch/fleurs-validation/en_us_validation_224.wav run=0 audio=11.28s time=1571.7ms rtf=0.1393
  The winter can be deceptively chilly. Temperatures rarely go below freezing, but the wind and humidity combine to make it feel colder than what the thermometer says.
/data/local/tmp/starling-issue-batch/fleurs-validation/en_us_validation_225.wav run=0 audio=11.30s time=1503.8ms rtf=0.1331
  A former Filipino policeman has kept Hongkong tourist hostage by hijacking their bus in Manila, the capital of the Philippines.
/data/local/tmp/starling-issue-batch/fleurs-validation/en_us_validation_226.wav run=0 audio=8.64s time=1238.5ms rtf=0.1434
  The Amazon is also the widest river on Earth at times six miles wide.
/data/local/tmp/starling-issue-batch/fleurs-validation/en_us_validation_227.wav run=0 audio=9.24s time=1298.9ms rtf=0.1406
  Dutch spokesman Gordon Je-Called North Korea's pledge a major step towards the goal of achieving the verifiable denuclearization of the Korean Peninsula.
/data/local/tmp/starling-issue-batch/fleurs-validation/en_us_validation_228.wav run=0 audio=7.12s time=921.5ms rtf=0.1294
  The East African islands are in the Indian Ocean off the eastern coast of Africa.
/data/local/tmp/starling-issue-batch/fleurs-validation/en_us_validation_229.wav run=0 audio=8.04s time=1170.3ms rtf=0.1456
  Science's main goal is to figure out the way the world works through the scientific method. This method in fact guides most scientific research.
/data/local/tmp/starling-issue-batch/fleurs-validation/en_us_validation_23.wav run=0 audio=5.52s time=912.0ms rtf=0.1652
  As soon as you get out of the current, swimming back is no more difficult than normally.
/data/local/tmp/starling-issue-batch/fleurs-validation/en_us_validation_230.wav run=0 audio=8.04s time=1255.0ms rtf=0.1561
  The UN also hopes to finalize a fund to help countries affected by global warming to cope with the impacts.
/data/local/tmp/starling-issue-batch/fleurs-validation/en_us_validation_231.wav run=0 audio=8.64s time=1107.1ms rtf=0.1281
  Over time, as the population begins to adapt to their new environment, they start to look less and less like the other population.
/data/local/tmp/starling-issue-batch/fleurs-validation/en_us_validation_232.wav run=0 audio=18.48s time=2238.6ms rtf=0.1211
  Now widely available throughout the archipelago, Japanese cuisine features an array of simply seasoned dishes. The predominant flavorings the Japanese favor being peanuts, chilies, sugar, especially Japanese coconut sugar, and various aromatic spices.
/data/local/tmp/starling-issue-batch/fleurs-validation/en_us_validation_233.wav run=0 audio=6.36s time=946.0ms rtf=0.1487
  Famous singers across the country presented bhajans or devotional songs to Sri Skyam's feet.
/data/local/tmp/starling-issue-batch/fleurs-validation/en_us_validation_234.wav run=0 audio=9.96s time=1202.1ms rtf=0.1207
  I don't know if you realize it or not, but most of the goods from Central America came into this country duty free.
/data/local/tmp/starling-issue-batch/fleurs-validation/en_us_validation_235.wav run=0 audio=9.48s time=1215.2ms rtf=0.1282
  Former House Speaker Newt Gingrich, Texas Governor Rick Perry and Congresswoman Michelle Bachmann finished in 4th fifth and sixth place respectively.
/data/local/tmp/starling-issue-batch/fleurs-validation/en_us_validation_236.wav run=0 audio=6.90s time=952.3ms rtf=0.1380
  A course will normally cover all issues discussed here in far greater detail, usually with practical experience.
/data/local/tmp/starling-issue-batch/fleurs-validation/en_us_validation_237.wav run=0 audio=8.34s time=1166.7ms rtf=0.1399
  Saltwater crocodiles do not actively live in the ocean, their primary habitat is the river estatuaries north from Rockhampton.
/data/local/tmp/starling-issue-batch/fleurs-validation/en_us_validation_238.wav run=0 audio=6.30s time=946.0ms rtf=0.1502
  On icy and snowy roadways, friction is low, and you cannot drive as if you were on bare asphalt.
/data/local/tmp/starling-issue-batch/fleurs-validation/en_us_validation_239.wav run=0 audio=8.76s time=1129.4ms rtf=0.1289
  Some reports put the official death toll at 8 and official reports confirmed that up to 30 were injured, but final numbers are not yet known.
/data/local/tmp/starling-issue-batch/fleurs-validation/en_us_validation_24.wav run=0 audio=13.74s time=1799.8ms rtf=0.1310
  If you visit the Arctic or Anarctic areas in the winter, you will experience polar night, which means that the sun doesn't raise above the horizon.
/data/local/tmp/starling-issue-batch/fleurs-validation/en_us_validation_240.wav run=0 audio=9.90s time=1207.9ms rtf=0.1220
  In Japan, the First Cherry blossom parties were hosted by the emperor only for himself and other members of the aristocracy around the imperial court.
/data/local/tmp/starling-issue-batch/fleurs-validation/en_us_validation_241.wav run=0 audio=8.04s time=1176.8ms rtf=0.1464
  They are still trying to determine just how large the crash was and how the earth will be affected.
/data/local/tmp/starling-issue-batch/fleurs-validation/en_us_validation_242.wav run=0 audio=9.00s time=1185.9ms rtf=0.1318
  Scientists think that acceles follow and fine animals to eat prey by smell sniffing for where they've been on the ground.
/data/local/tmp/starling-issue-batch/fleurs-validation/en_us_validation_243.wav run=0 audio=14.30s time=1792.8ms rtf=0.1254
  Though it is widely used, especially among non-Romini, the word gipse is often considered offensive because of its associations with negative stereotypes and inaccurate perceptions of Romani people.
/data/local/tmp/starling-issue-batch/fleurs-validation/en_us_validation_244.wav run=0 audio=12.96s time=1731.0ms rtf=0.1336
  Previously Rings CEO Jamie Sinoff remarked the company started when his doorbell was an audible from his shop in his garage.
/data/local/tmp/starling-issue-batch/fleurs-validation/en_us_validation_245.wav run=0 audio=6.00s time=918.3ms rtf=0.1531
  There are many beaches due to Auckland straddling of two harbors. The most popular ones are in three areas.
/data/local/tmp/starling-issue-batch/fleurs-validation/en_us_validation_246.wav run=0 audio=6.58s time=883.7ms rtf=0.1343
  Safari is perhaps the greatest tourism draw in Africa and the highlight for many visitors.
/data/local/tmp/starling-issue-batch/fleurs-validation/en_us_validation_247.wav run=0 audio=9.18s time=1157.0ms rtf=0.1260
  According to the police, the driver of the vehicle that hit the photographer is unlikely to face criminal charges.
/data/local/tmp/starling-issue-batch/fleurs-validation/en_us_validation_248.wav run=0 audio=11.06s time=1640.4ms rtf=0.1483
  Forest aren't just mangrove songstil, they include some of the last remaining stones of the Mighty Jungles, which once covered the Ganget Plain.
/data/local/tmp/starling-issue-batch/fleurs-validation/en_us_validation_249.wav run=0 audio=12.48s time=1486.3ms rtf=0.1191
  The winter can be deceptively chilly. Temperatures rarely go below freezing, but the wind and humidity combined to make it feel colder than what the thermometer says.
/data/local/tmp/starling-issue-batch/fleurs-validation/en_us_validation_25.wav run=0 audio=10.68s time=1515.9ms rtf=0.1419
  Skiing is a major traveling activity with many enthusiasts, occasionally known as ski bombs, planning entire vacations around skiing at a particular location.
/data/local/tmp/starling-issue-batch/fleurs-validation/en_us_validation_250.wav run=0 audio=11.16s time=1449.0ms rtf=0.1298
  Handicraft products might be defined as antiques, though they are younger than similar mass-produced goods.
/data/local/tmp/starling-issue-batch/fleurs-validation/en_us_validation_251.wav run=0 audio=9.60s time=1264.2ms rtf=0.1317
  Bush spokesman Gordon Jean-Drobled North Korea's pledge a major step towards the goal of achieving the verifiable denuclearization of the Korean Peninsula.
/data/local/tmp/starling-issue-batch/fleurs-validation/en_us_validation_252.wav run=0 audio=8.40s time=1040.3ms rtf=0.1238
  Ancient Roman mills couldn't have included foods that came to Europe from America or from Asia in later centuries.
/data/local/tmp/starling-issue-batch/fleurs-validation/en_us_validation_253.wav run=0 audio=12.04s time=1478.6ms rtf=0.1228
  The war expenditures of U.S. imperialism in the conquests of the Philippines were paid by the Filipino people themselves.
/data/local/tmp/starling-issue-batch/fleurs-validation/en_us_validation_254.wav run=0 audio=8.30s time=1514.2ms rtf=0.1824
  Then Rakh took the lead in singing the.
/data/local/tmp/starling-issue-batch/fleurs-validation/en_us_validation_255.wav run=0 audio=3.96s time=719.7ms rtf=0.1817
  Inland waterways can be a good theme to base a holiday around.
/data/local/tmp/starling-issue-batch/fleurs-validation/en_us_validation_256.wav run=0 audio=7.56s time=1026.7ms rtf=0.1358
  Previously ring CEO Jamie Steininoff remarked the company's target when his torpo was an audible from his shop in his garage.
/data/local/tmp/starling-issue-batch/fleurs-validation/en_us_validation_257.wav run=0 audio=13.16s time=1718.7ms rtf=0.1306
  I lost my sister and a friend, and on my way there were two disabled people in wheelchairs, people just jumping over and pushing them, Armand Vesadis said.
/data/local/tmp/starling-issue-batch/fleurs-validation/en_us_validation_258.wav run=0 audio=8.04s time=1132.9ms rtf=0.1409
  There were no large forests in the land of Canyon, so wood was extremely expensive.
/data/local/tmp/starling-issue-batch/fleurs-validation/en_us_validation_259.wav run=0 audio=7.56s time=883.9ms rtf=0.1169
  Please treat the site with all of the dignity, solemnity and respect it deserves. Do not make jokes about the Holocaust or Nazis.
/data/local/tmp/starling-issue-batch/fleurs-validation/en_us_validation_26.wav run=0 audio=11.76s time=1479.7ms rtf=0.1258
  A former Filipino policeman has kept Hong Kong tourist hostage by hijacking their bus in Manila, the capital of the Philippines.
/data/local/tmp/starling-issue-batch/fleurs-validation/en_us_validation_260.wav run=0 audio=6.50s time=827.3ms rtf=0.1273
  At the beginning, Dress was heavily influenced by the byzan culture in the East.
/data/local/tmp/starling-issue-batch/fleurs-validation/en_us_validation_261.wav run=0 audio=9.00s time=1062.6ms rtf=0.1181
  Scientists say this animal's plumage was chestnut brown on top with a pill or keratinoid colored underside.
/data/local/tmp/starling-issue-batch/fleurs-validation/en_us_validation_262.wav run=0 audio=7.98s time=1147.3ms rtf=0.1438
  Women should realize that cultural differences may result in what they consider harassment, and it is not uncommon to be followed, grabbed by the arm, etc.
/data/local/tmp/starling-issue-batch/fleurs-validation/en_us_validation_263.wav run=0 audio=8.40s time=1197.2ms rtf=0.1425
  Such things have become separate disciplines, which focus on providing solutions to real life problems.
/data/local/tmp/starling-issue-batch/fleurs-validation/en_us_validation_264.wav run=0 audio=9.06s time=1194.3ms rtf=0.1318
  For example, learning and socialization are suggested as important motivations for Internet use, James etha, 1995.
/data/local/tmp/starling-issue-batch/fleurs-validation/en_us_validation_265.wav run=0 audio=12.24s time=1543.2ms rtf=0.1261
  The feather structures suggest that they were not used in fly, but rather for temperature regulation or display. The researchers suggest that even though this is the tail of a young dinosaur, the stamp will show adult plumage and not a sick stone.
/data/local/tmp/starling-issue-batch/fleurs-validation/en_us_validation_266.wav run=0 audio=13.70s time=1798.7ms rtf=0.1313
  Major cuisine like that of similar zones in the Mediterranean is based on bread, vegetables and meat especially pork and uses olive oil throughout.
/data/local/tmp/starling-issue-batch/fleurs-validation/en_us_validation_267.wav run=0 audio=3.60s time=750.4ms rtf=0.2084
  Police says that the body appeared to have been there for about a day.
/data/local/tmp/starling-issue-batch/fleurs-validation/en_us_validation_268.wav run=0 audio=12.38s time=1587.2ms rtf=0.1282
  A satellite phone is not generally a replacement for a mobile phone, as you have to be outdoors, with clear line of sight to the satellite, to make a phone call.
/data/local/tmp/starling-issue-batch/fleurs-validation/en_us_validation_269.wav run=0 audio=10.98s time=1551.6ms rtf=0.1413
  108 plates of Chapman Bog in Hinduism, 56 different edible items, like sweets, fruits, nuts, dishes, etc., which are offered to deity, were served to Baba.
/data/local/tmp/starling-issue-batch/fleurs-validation/en_us_validation_27.wav run=0 audio=8.04s time=1174.0ms rtf=0.1460
  Some reports put the official death eight, and official reports confirmed that up to 30 were injured but final numbers are not yet known.
/data/local/tmp/starling-issue-batch/fleurs-validation/en_us_validation_270.wav run=0 audio=8.76s time=1150.3ms rtf=0.1313
  Skiing is a major activity, with many enthusiasts, occasionally known as ski bombs, planning entire vacations around skiing at a particular location.
/data/local/tmp/starling-issue-batch/fleurs-validation/en_us_validation_271.wav run=0 audio=12.24s time=1536.0ms rtf=0.1255
  The winter can be deceptively chilly. Temperatures rarely go below freezing, but the wind and humidity combine to make it feel colder than what the thermometer says.
/data/local/tmp/starling-issue-batch/fleurs-validation/en_us_validation_272.wav run=0 audio=9.42s time=1191.2ms rtf=0.1265
  Such things have become separate disciplines, which focus on providing solutions to real-life problems.
/data/local/tmp/starling-issue-batch/fleurs-validation/en_us_validation_273.wav run=0 audio=6.72s time=946.4ms rtf=0.1408
  On icy and snowy roadways, friction is low and you cannot drive as if you were on bare asphalt.
/data/local/tmp/starling-issue-batch/fleurs-validation/en_us_validation_274.wav run=0 audio=7.66s time=971.9ms rtf=0.1269
  A curry can be either dry or wet depending on the amount of liquid.
/data/local/tmp/starling-issue-batch/fleurs-validation/en_us_validation_275.wav run=0 audio=7.40s time=1030.8ms rtf=0.1393
  A curry can be either dry or wet depending on the amount of liquid.
/data/local/tmp/starling-issue-batch/fleurs-validation/en_us_validation_276.wav run=0 audio=8.28s time=1269.6ms rtf=0.1533
  Christmas is one of the most important holidays of Christianity and is celebrated as the birthday of Jesus.
/data/local/tmp/starling-issue-batch/fleurs-validation/en_us_validation_277.wav run=0 audio=4.92s time=730.1ms rtf=0.1484
  The result of plotting analysis will be posted to a public website.
/data/local/tmp/starling-issue-batch/fleurs-validation/en_us_validation_278.wav run=0 audio=11.58s time=1475.1ms rtf=0.1274
  The Arabs also brought islam to the lands and it took in a big way in Kremles in May.
/data/local/tmp/starling-issue-batch/fleurs-validation/en_us_validation_279.wav run=0 audio=7.32s time=880.4ms rtf=0.1203
  It also had no authority to override tax laws and tariffs between states.
/data/local/tmp/starling-issue-batch/fleurs-validation/en_us_validation_28.wav run=0 audio=3.84s time=689.5ms rtf=0.1795
  It's worth half an hour to stroll about the intriguing village.
/data/local/tmp/starling-issue-batch/fleurs-validation/en_us_validation_280.wav run=0 audio=4.44s time=695.8ms rtf=0.1567
  It's worth half an hour to stroll about the intriguing village
/data/local/tmp/starling-issue-batch/fleurs-validation/en_us_validation_281.wav run=0 audio=7.98s time=1054.9ms rtf=0.1322
  At the beginning, dress was heavily influenced by the Byzantine culture in the East.
/data/local/tmp/starling-issue-batch/fleurs-validation/en_us_validation_282.wav run=0 audio=11.52s time=1501.8ms rtf=0.1304
  In partnership with NPWS and the Sporting Chooters Association of Australia, NSW, Inc. qualified volunteers were recruited under the Sporting Chooters Association's hunting program.
/data/local/tmp/starling-issue-batch/fleurs-validation/en_us_validation_283.wav run=0 audio=7.68s time=1054.3ms rtf=0.1373
  In the churchyard there are interesting marble sculptures of doves over some tombs.
/data/local/tmp/starling-issue-batch/fleurs-validation/en_us_validation_284.wav run=0 audio=4.56s time=726.9ms rtf=0.1594
  The first cases of the disease this season were reported in late July.
/data/local/tmp/starling-issue-batch/fleurs-validation/en_us_validation_285.wav run=0 audio=9.00s time=1073.9ms rtf=0.1193
  New kingdom ancient Egyptians marveled at their predecessor's moments which they were well over a thousand years old.
/data/local/tmp/starling-issue-batch/fleurs-validation/en_us_validation_286.wav run=0 audio=7.78s time=1083.7ms rtf=0.1393
  That didn't seem to make sense to me. It certainly wasn't fair.
/data/local/tmp/starling-issue-batch/fleurs-validation/en_us_validation_287.wav run=0 audio=10.68s time=1452.6ms rtf=0.1360
  Ancient Roman meals couldn't have included foods that came to Europe from America or from Asia in later centuries.
/data/local/tmp/starling-issue-batch/fleurs-validation/en_us_validation_288.wav run=0 audio=12.24s time=1453.1ms rtf=0.1187
  Air accidents are common in Iran, which has an aging fleet that is poorly maintained for both civil and military operations.
/data/local/tmp/starling-issue-batch/fleurs-validation/en_us_validation_289.wav run=0 audio=5.88s time=866.3ms rtf=0.1473
  You can see the pyramids in the dark, and you can see them in silence before the show begins.
/data/local/tmp/starling-issue-batch/fleurs-validation/en_us_validation_29.wav run=0 audio=7.02s time=852.3ms rtf=0.1214
  Research in AI involves making machines to automate tasks that require intelligent behavior.
/data/local/tmp/starling-issue-batch/fleurs-validation/en_us_validation_290.wav run=0 audio=8.34s time=1107.2ms rtf=0.1328
  Over time, as the new population begins to adapt to their new environment, they start to look less and less like the other population.
/data/local/tmp/starling-issue-batch/fleurs-validation/en_us_validation_291.wav run=0 audio=6.12s time=857.8ms rtf=0.1402
  That didn't seem to make sense to me. It certainly wasn't fair.
/data/local/tmp/starling-issue-batch/fleurs-validation/en_us_validation_292.wav run=0 audio=3.84s time=711.2ms rtf=0.1852
  It's worth half an hour to stroll about the intriguing village.
/data/local/tmp/starling-issue-batch/fleurs-validation/en_us_validation_293.wav run=0 audio=5.10s time=733.0ms rtf=0.1437
  The first cases of the disease this season were reported in late July.
/data/local/tmp/starling-issue-batch/fleurs-validation/en_us_validation_294.wav run=0 audio=10.20s time=1138.6ms rtf=0.1116
  The researchers suggested that even though this is the tail of a young dinosaur, the sample shows adult plumage and not a chick's down.
/data/local/tmp/starling-issue-batch/fleurs-validation/en_us_validation_295.wav run=0 audio=6.60s time=1055.0ms rtf=0.1599
  Mike talks a lot during the hearing, I was getting ready so I wasn't really hearing what he was saying.
/data/local/tmp/starling-issue-batch/fleurs-validation/en_us_validation_296.wav run=0 audio=9.54s time=1042.1ms rtf=0.1092
  In the churchyard there are interesting marble sculptures of
/data/local/tmp/starling-issue-batch/fleurs-validation/en_us_validation_297.wav run=0 audio=10.16s time=1072.2ms rtf=0.1055
  Science's main goal is to figure out the way the world works through the scientific method. This method in fact guides the most scientific research.
/data/local/tmp/starling-issue-batch/fleurs-validation/en_us_validation_298.wav run=0 audio=12.38s time=1488.5ms rtf=0.1202
  Robin YuHapa made the inning's highest score: 70 runs in just 41 balls by hitting 11 fords and two sixes.
/data/local/tmp/starling-issue-batch/fleurs-validation/en_us_validation_299.wav run=0 audio=14.94s time=1740.6ms rtf=0.1165
  Out of 1400 people polled prior to the 2010 Federal election, those who oppose Australia becoming a republic grew by 8% since 2008.
/data/local/tmp/starling-issue-batch/fleurs-validation/en_us_validation_3.wav run=0 audio=4.14s time=726.2ms rtf=0.1754
  Then Laka sang to the lead and singing the Pashans
/data/local/tmp/starling-issue-batch/fleurs-validation/en_us_validation_30.wav run=0 audio=9.48s time=1139.9ms rtf=0.1202
  Soon officers equipped with riot gear entered the yard and cornered the inmates with tear gas.
/data/local/tmp/starling-issue-batch/fleurs-validation/en_us_validation_31.wav run=0 audio=4.92s time=776.5ms rtf=0.1578
  It has been scheduled to be cut down on Tuesday but was saved after an emergency court ruling.
/data/local/tmp/starling-issue-batch/fleurs-validation/en_us_validation_32.wav run=0 audio=5.52s time=806.4ms rtf=0.1461
  The first cases of the disease this season were reported in late July.
/data/local/tmp/starling-issue-batch/fleurs-validation/en_us_validation_33.wav run=0 audio=8.46s time=1060.9ms rtf=0.1254
  Members of a subculture often single their membership through a distinctive and symbolic use of style which includes fashions, maneurisms and argot.
/data/local/tmp/starling-issue-batch/fleurs-validation/en_us_validation_34.wav run=0 audio=5.28s time=1556.0ms rtf=0.2947
  Although three people were inside the house when the car impacted it, none of them were hurt.
/data/local/tmp/starling-issue-batch/fleurs-validation/en_us_validation_35.wav run=0 audio=7.44s time=908.1ms rtf=0.1221
  The war expenditures of US imperialism and the conquests of the Philippines were paid for by the Filipino people themselves.
/data/local/tmp/starling-issue-batch/fleurs-validation/en_us_validation_36.wav run=0 audio=9.66s time=1211.8ms rtf=0.1254
  Next some saddles, particularly English saddles that have safety bars that allow a stirrup leather to fall off the saddle if pulled backwards by a falling rider.
/data/local/tmp/starling-issue-batch/fleurs-validation/en_us_validation_37.wav run=0 audio=8.76s time=1136.8ms rtf=0.1298
  We can start living more friendly to the environment. We can join the environmental movement, and we can even be activists in order to reduce the future suffering in some degree.
/data/local/tmp/starling-issue-batch/fleurs-validation/en_us_validation_38.wav run=0 audio=10.74s time=1413.8ms rtf=0.1316
  The researchers suggested that even though this is the tail of a young dinosaur, the sample shows adult plumage and not a chick's down.
/data/local/tmp/starling-issue-batch/fleurs-validation/en_us_validation_39.wav run=0 audio=12.52s time=1616.5ms rtf=0.1291
  Her first was the Shalom, where she earned a Didn't Finish in her first run. 36 of the 116 competitors had the same result in that race.
/data/local/tmp/starling-issue-batch/fleurs-validation/en_us_validation_4.wav run=0 audio=4.92s time=689.9ms rtf=0.1402
  The major religion in Moldova is Orthodox Christian.
/data/local/tmp/starling-issue-batch/fleurs-validation/en_us_validation_40.wav run=0 audio=10.92s time=1446.6ms rtf=0.1325
  Couer companies are well paid for delivering things quickly, frequently, time is very important with business documents, merchandise, or spare parts for an urgent repair.
/data/local/tmp/starling-issue-batch/fleurs-validation/en_us_validation_41.wav run=0 audio=9.84s time=1085.0ms rtf=0.1103
  However, most signs are indicated only in Ketaland because it is established by law as the first official language.
/data/local/tmp/starling-issue-batch/fleurs-validation/en_us_validation_42.wav run=0 audio=9.36s time=1117.1ms rtf=0.1193
  Out of 1400 people polled prior to the 2010 federal election, those who oppose Australia become a republic group by 8% since 2008.
/data/local/tmp/starling-issue-batch/fleurs-validation/en_us_validation_43.wav run=0 audio=10.98s time=1428.7ms rtf=0.1301
  Some animals, such as elephants and giraffes, tend to approach closely to cars and standard equipment will allow good viewing.
/data/local/tmp/starling-issue-batch/fleurs-validation/en_us_validation_44.wav run=0 audio=5.52s time=898.1ms rtf=0.1627
  In the churchyard there are interesting marble sculptures of dust over some tombs.
/data/local/tmp/starling-issue-batch/fleurs-validation/en_us_validation_45.wav run=0 audio=7.32s time=1049.2ms rtf=0.1433
  Some patients may have contracted the bug in the hospital doctoral things and at least two were hospital health workers.
/data/local/tmp/starling-issue-batch/fleurs-validation/en_us_validation_46.wav run=0 audio=12.18s time=1602.3ms rtf=0.1316
  It could use a satellite base technology as opposed to UltraGound Radio-based technology to allow air traffic controllers to pinpoint aircraft with greater precision and give pilots more accurate information.
/data/local/tmp/starling-issue-batch/fleurs-validation/en_us_validation_47.wav run=0 audio=14.88s time=1776.7ms rtf=0.1194
  The feather structure suggests that they were not used in flight, but rather for temperature regulation or display. The researchers suggest that even though this is the tail of a young dinosaur, the sample shows an adult plumage and not a chick's down.
/data/local/tmp/starling-issue-batch/fleurs-validation/en_us_validation_48.wav run=0 audio=23.44s time=2749.2ms rtf=0.1173
  Hulons men's visually impaired skier, Maxi Jeff Kresga, and guide Ana Ogarsinska finished 13th in the Super G. South Korea's Jeang Park finished 24th in the men's sitting Supers G.
/data/local/tmp/starling-issue-batch/fleurs-validation/en_us_validation_49.wav run=0 audio=7.44s time=910.4ms rtf=0.1224
  Argentina is well known for having one of the best Polo teams and players in the world.
/data/local/tmp/starling-issue-batch/fleurs-validation/en_us_validation_5.wav run=0 audio=4.44s time=809.5ms rtf=0.1823
  The East African islands are in the Indian Ocean, off the eastern coast of Africa.
/data/local/tmp/starling-issue-batch/fleurs-validation/en_us_validation_50.wav run=0 audio=10.56s time=1551.8ms rtf=0.1470
  Widespread looting reportedly continued overnight, as law enforcement officers were not present on Bishkek's streets.
/data/local/tmp/starling-issue-batch/fleurs-validation/en_us_validation_51.wav run=0 audio=5.52s time=927.0ms rtf=0.1679
  The satellite in space gets the call and then reflects it back down almost instantly.
/data/local/tmp/starling-issue-batch/fleurs-validation/en_us_validation_52.wav run=0 audio=15.32s time=1827.8ms rtf=0.1193
  Israel demands an ongoing military presence in the valley for ten years, once an agreement is signed while the PA agrees to leave such presence only for 5 years.
/data/local/tmp/starling-issue-batch/fleurs-validation/en_us_validation_53.wav run=0 audio=7.42s time=886.8ms rtf=0.1195
  The satellite in space gets the call and then reflects it back down almost instantly.
/data/local/tmp/starling-issue-batch/fleurs-validation/en_us_validation_54.wav run=0 audio=6.02s time=932.6ms rtf=0.1549
  The major religion in Moldova is Orthodox Christian.
/data/local/tmp/starling-issue-batch/fleurs-validation/en_us_validation_55.wav run=0 audio=11.82s time=1641.0ms rtf=0.1388
  The Northern Park or Central Range has Antarctica's highest mountains, the Vincent Masi, peaking at 4,892 mm Vincent.
/data/local/tmp/starling-issue-batch/fleurs-validation/en_us_validation_56.wav run=0 audio=9.90s time=1144.9ms rtf=0.1156
  The qualities that determine a subculture as distinct may be linguistic, aesthetic, religious, political, sexual, geographical, or a combination of factors.
/data/local/tmp/starling-issue-batch/fleurs-validation/en_us_validation_57.wav run=0 audio=5.64s time=985.5ms rtf=0.1747
  Soon officers equipped with riot gear entered the yard and cornered the inmates with tear gas.
/data/local/tmp/starling-issue-batch/fleurs-validation/en_us_validation_58.wav run=0 audio=13.26s time=1705.9ms rtf=0.1286
  Though it is widely used, especially among non-Romani, the word gypsy is often considered offensive because of its association with negative stereotypes and inaccurate perceptions of Romani people.
/data/local/tmp/starling-issue-batch/fleurs-validation/en_us_validation_59.wav run=0 audio=9.60s time=1231.8ms rtf=0.1283
  Israel demands an ongoing military presence in the valley for ten years once an agreement is signed while the PA agrees to leave such presence only for 5 years.
/data/local/tmp/starling-issue-batch/fleurs-validation/en_us_validation_6.wav run=0 audio=6.84s time=901.5ms rtf=0.1318
  Some festivals have special camping areas for families with young children.
/data/local/tmp/starling-issue-batch/fleurs-validation/en_us_validation_60.wav run=0 audio=8.04s time=1049.6ms rtf=0.1305
  I don't know if you realize it or not, but most of the goods from Central America came into this country duty free.
/data/local/tmp/starling-issue-batch/fleurs-validation/en_us_validation_61.wav run=0 audio=6.18s time=798.5ms rtf=0.1292
  Three more bombs exploded near government buildings in a period of two hours.
/data/local/tmp/starling-issue-batch/fleurs-validation/en_us_validation_62.wav run=0 audio=5.80s time=836.1ms rtf=0.1442
  Scientists say the explosion caused by the collision was massive.
/data/local/tmp/starling-issue-batch/fleurs-validation/en_us_validation_63.wav run=0 audio=6.36s time=878.1ms rtf=0.1381
  When asked for a comment, Miller said, Mine talked a lot during the hearing. I was getting ready, so I wasn't really hearing what he was saying.
/data/local/tmp/starling-issue-batch/fleurs-validation/en_us_validation_64.wav run=0 audio=6.12s time=896.2ms rtf=0.1464
  There were no large forests in the land of Canon, so wood was extremely expensive.
/data/local/tmp/starling-issue-batch/fleurs-validation/en_us_validation_65.wav run=0 audio=13.08s time=1692.2ms rtf=0.1294
  Sines now indicates that this massive carbon economy has dislodged the biosphere from one of its stable states that has supported human evolution for the past two million years.
/data/local/tmp/starling-issue-batch/fleurs-validation/en_us_validation_66.wav run=0 audio=6.00s time=837.1ms rtf=0.1395
  Thousands of years ago, a man called Aristarkes said that the solar system moved around the sun.
/data/local/tmp/starling-issue-batch/fleurs-validation/en_us_validation_67.wav run=0 audio=11.70s time=1467.5ms rtf=0.1254
  Examples of off-site activities, including hunting, fishing, photography, bird watching, and visiting parks and studying information about the ecosystem.
/data/local/tmp/starling-issue-batch/fleurs-validation/en_us_validation_68.wav run=0 audio=10.68s time=1541.8ms rtf=0.1444
  After seeing the horrors and atrocities of war during world war 1, nations desired to void such situation again in the future.
/data/local/tmp/starling-issue-batch/fleurs-validation/en_us_validation_69.wav run=0 audio=10.26s time=1519.7ms rtf=0.1481
  When the fighting ceased after the wounded were transported to the hospital, about 40 of the other remaining inmates stayed in the yard and refused to return to their cells.
/data/local/tmp/starling-issue-batch/fleurs-validation/en_us_validation_7.wav run=0 audio=10.02s time=1119.2ms rtf=0.1117
  The Teban Buddhism is based on the teachings of Buddha, but were extended by the Mayana path of love and by a lot of techniques from Indian yoga.
/data/local/tmp/starling-issue-batch/fleurs-validation/en_us_validation_70.wav run=0 audio=5.82s time=912.3ms rtf=0.1567
  Argentina is well known for having one of the best polo teams and players in the world.
/data/local/tmp/starling-issue-batch/fleurs-validation/en_us_validation_71.wav run=0 audio=5.10s time=878.0ms rtf=0.1722
  It had been scheduled to be kept in on Tuesday but was saved after an emergency court healing.
/data/local/tmp/starling-issue-batch/fleurs-validation/en_us_validation_72.wav run=0 audio=6.48s time=949.0ms rtf=0.1465
  Yet eighty percent of our goods were taxed through tariffs in Central American countries we treat you.
/data/local/tmp/starling-issue-batch/fleurs-validation/en_us_validation_73.wav run=0 audio=10.68s time=1478.7ms rtf=0.1385
  This new environment has different resources and different competitors, so the new population will need different features or adaptations to be a strong competitor than what they had needed before.
/data/local/tmp/starling-issue-batch/fleurs-validation/en_us_validation_74.wav run=0 audio=10.58s time=1590.3ms rtf=0.1503
  The main local beer is number one. It is not a complex beer but pleasant and refreshing. The other local beer is called manta.
/data/local/tmp/starling-issue-batch/fleurs-validation/en_us_validation_75.wav run=0 audio=5.22s time=908.2ms rtf=0.1740
  Water is spilling over the levee in a section 100 feet wide.
/data/local/tmp/starling-issue-batch/fleurs-validation/en_us_validation_76.wav run=0 audio=10.20s time=1263.1ms rtf=0.1238
  Many common formats UPS family formats, for example, are equal to or closely approximate this aspect ratio.
/data/local/tmp/starling-issue-batch/fleurs-validation/en_us_validation_77.wav run=0 audio=10.14s time=1217.3ms rtf=0.1200
  Technology offers a solution with virtual field trips, students can look at museum artifacts, visit an aquarium, or admire beautiful art while sitting with their class.
/data/local/tmp/starling-issue-batch/fleurs-validation/en_us_validation_78.wav run=0 audio=8.94s time=1141.7ms rtf=0.1277
  Examples of on-site activities include hunting, fishing, photography, birdwatching and visiting parks and studying information about the ecosystem.
/data/local/tmp/starling-issue-batch/fleurs-validation/en_us_validation_79.wav run=0 audio=6.86s time=977.7ms rtf=0.1425
  It is Martelly's fifth CEP in four years.
/data/local/tmp/starling-issue-batch/fleurs-validation/en_us_validation_8.wav run=0 audio=9.32s time=1564.8ms rtf=0.1679
  Pronunciation is relatively easy in Italian since most words are pronounced exactly how they are written.
/data/local/tmp/starling-issue-batch/fleurs-validation/en_us_validation_80.wav run=0 audio=13.40s time=1622.0ms rtf=0.1210
  Next some saddles, particularly English saddles, have safety bars that allow a stirrup leather to fall off the saddle if pulled backwards by a falling rider.
/data/local/tmp/starling-issue-batch/fleurs-validation/en_us_validation_81.wav run=0 audio=11.04s time=1415.4ms rtf=0.1282
  In HK also reported that the Kashiwaki Kirate nuclear power plant in Nikingata Prefecture was operating normally.
/data/local/tmp/starling-issue-batch/fleurs-validation/en_us_validation_82.wav run=0 audio=18.60s time=2110.4ms rtf=0.1135
  Not widely available throughout the archipelago, Japanese cuisine features an array of simply seasoned dishes, the predominant flavorings the Japanese favor being peanuts, chilies, sugar, especially Japanese coconut sugar, and various aromatic spices.
/data/local/tmp/starling-issue-batch/fleurs-validation/en_us_validation_83.wav run=0 audio=19.26s time=2146.4ms rtf=0.1114
  There are a lot of social and political effects such as the use of metric system, a shift from absolutism to republicanism, nationalism, and the belief the country belongs to the people, not to one sole ruler.
/data/local/tmp/starling-issue-batch/fleurs-validation/en_us_validation_84.wav run=0 audio=13.18s time=1664.5ms rtf=0.1263
  In many cases, enrolling on a gap year course abroad can actually improve your chances on moving into higher education back in your home country.
/data/local/tmp/starling-issue-batch/fleurs-validation/en_us_validation_85.wav run=0 audio=9.60s time=1107.5ms rtf=0.1154
  They can see very well in the dark with night vision and move very stealtily to hunt their prey by blending in with their surroundings and prancing on their prey.
/data/local/tmp/starling-issue-batch/fleurs-validation/en_us_validation_86.wav run=0 audio=8.64s time=1173.5ms rtf=0.1358
  Rabinba made the inning high score 70 runs and just 41 balls by hitting 11 fours and 26.
/data/local/tmp/starling-issue-batch/fleurs-validation/en_us_validation_87.wav run=0 audio=13.08s time=1775.7ms rtf=0.1358
  Courier companies are well paid for delivering things quickly, frequently, time is very important with business documents, merchandise or spare parts for an urgent repair.
/data/local/tmp/starling-issue-batch/fleurs-validation/en_us_validation_88.wav run=0 audio=6.66s time=844.3ms rtf=0.1268
  The East African islands are in the Indian Ocean off the eastern coast of Africa.
/data/local/tmp/starling-issue-batch/fleurs-validation/en_us_validation_89.wav run=0 audio=6.12s time=904.0ms rtf=0.1477
  At the beginning, Dress was heavily influenced by the Byzantine culture in the East.
/data/local/tmp/starling-issue-batch/fleurs-validation/en_us_validation_9.wav run=0 audio=9.48s time=1145.3ms rtf=0.1208
  In this dynamic transport shuttle, everyone is show connected with and supporting a transport system based on private cars.
/data/local/tmp/starling-issue-batch/fleurs-validation/en_us_validation_90.wav run=0 audio=7.70s time=1161.6ms rtf=0.1509
  The patient had been to Nigeria where some cases of the virus have occurred.
/data/local/tmp/starling-issue-batch/fleurs-validation/en_us_validation_91.wav run=0 audio=10.56s time=1677.4ms rtf=0.1588
  Former House Speaker Newt Gingrich, Texas Governor Rick Perry and Congresswoman Michelle Backman finished in fourth, fifth and sixth place respectively.
/data/local/tmp/starling-issue-batch/fleurs-validation/en_us_validation_92.wav run=0 audio=9.36s time=1154.7ms rtf=0.1234
  Next saddles, particularly English saddles, have safety bars that allow a stirrup leather to fall off the saddle if pulled backwards by a falling rider.
/data/local/tmp/starling-issue-batch/fleurs-validation/en_us_validation_93.wav run=0 audio=8.28s time=1166.3ms rtf=0.1409
  A course will normally cover all the issues discussed here in far greater detail, usually with practical experience.
/data/local/tmp/starling-issue-batch/fleurs-validation/en_us_validation_94.wav run=0 audio=9.54s time=1254.6ms rtf=0.1315
  We can start living more friendly to the environment. We can join to the environmental movement, and we can even be activists in order to reduce the future suffering in some degree.
/data/local/tmp/starling-issue-batch/fleurs-validation/en_us_validation_95.wav run=0 audio=16.00s time=1998.1ms rtf=0.1249
  Across the United States of America, there are approximately 400,000 known cases of multiple scolosis, leaving it as the leading neurological disease in younger and middle-age adults.
/data/local/tmp/starling-issue-batch/fleurs-validation/en_us_validation_96.wav run=0 audio=12.24s time=1500.1ms rtf=0.1226
  His 1000th stamp was the magnificent great deeds by Swedish king by David Claude Ehrald in 2000, which is listed in the genus book of world records.
/data/local/tmp/starling-issue-batch/fleurs-validation/en_us_validation_97.wav run=0 audio=10.44s time=1582.1ms rtf=0.1515
  Research in AI involves making machines to automate tasks that require intelligent behavior.
/data/local/tmp/starling-issue-batch/fleurs-validation/en_us_validation_98.wav run=0 audio=8.76s time=1196.3ms rtf=0.1366
  The Portuguese destroyed it and rebuilt it under the name Costa Branca only to abandon it after an earthquake in 1755.
/data/local/tmp/starling-issue-batch/fleurs-validation/en_us_validation_99.wav run=0 audio=8.04s time=1209.6ms rtf=0.1505
  Some patients might have contracted the bug in the hospital D Multins, and at least two were hospital health workers.
